source_file,broker,sheet_name,valuation_date,product_id,association_code,custodian_id,custodian_name,adapter_key,route_source,raw_row_index,instrument_name,instrument_code_raw,instrument_code_std,exchange,asset_type,quantity,unit_cost,cost,market_price,market_value,unrealized_pnl,subject_code,subject_name,suspension_info,review_flag,review_note
data_samples\raw\2025-03-27_PRODUCT_001估值表.xlsx,CUSTODIAN_GROUP_007,Sheet1,2025-03-27,PRODUCT_001,,CUSTODIAN_007,CUSTODIAN_GROUP_007,guosen,mapping(product_id),25,万华化学,600309,600309.SH,SH,a_share,16300.0,75.04,1223155.0,68.53,1117039.0,-106116.0,11020101600309,万华化学,正常交易,,
data_samples\raw\2025-03-27_PRODUCT_001估值表.xlsx,CUSTODIAN_GROUP_007,Sheet1,2025-03-27,PRODUCT_001,,CUSTODIAN_007,CUSTODIAN_GROUP_007,guosen,mapping(product_id),26,赛轮轮胎,601058,601058.SH,SH,a_share,39900.0,15.5,618450.0,14.81,590919.0,-27531.0,11020101601058,赛轮轮胎,正常交易,,
data_samples\raw\2025-03-27_PRODUCT_001估值表.xlsx,CUSTODIAN_GROUP_007,Sheet1,2025-03-27,PRODUCT_001,,CUSTODIAN_007,CUSTODIAN_GROUP_007,guosen,mapping(product_id),27,博迁新材,605376,605376.SH,SH,a_share,12500.0,30.69,383636.22,38.35,479375.0,95738.78,11020101605376,博迁新材,正常交易,,
data_samples\raw\2025-03-27_PRODUCT_001估值表.xlsx,CUSTODIAN_GROUP_007,Sheet1,2025-03-27,PRODUCT_001,,CUSTODIAN_007,CUSTODIAN_GROUP_007,guosen,mapping(product_id),31,美的集团,000333,000333.SZ,SZ,a_share,14500.0,71.8,1041060.0,76.5,1109250.0,68190.0,11023101000333,美的集团,正常交易,,
data_samples\raw\2025-03-27_PRODUCT_001估值表.xlsx,CUSTODIAN_GROUP_007,Sheet1,2025-03-27,PRODUCT_001,,CUSTODIAN_007,CUSTODIAN_GROUP_007,guosen,mapping(product_id),32,海康威视,002415,002415.SZ,SZ,a_share,84600.0,29.67,2510408.56,31.08,2629368.0,118959.44,11023101002415,海康威视,正常交易,,
data_samples\raw\2025-03-27_PRODUCT_001估值表.xlsx,CUSTODIAN_GROUP_007,Sheet1,2025-03-27,PRODUCT_001,,CUSTODIAN_007,CUSTODIAN_GROUP_007,guosen,mapping(product_id),33,申通快递,002468,002468.SZ,SZ,a_share,96000.0,11.13,1068276.0,11.79,1131840.0,63564.0,11023101002468,申通快递,正常交易,,
data_samples\raw\2025-03-27_PRODUCT_001估值表.xlsx,CUSTODIAN_GROUP_007,Sheet1,2025-03-27,PRODUCT_001,,CUSTODIAN_007,CUSTODIAN_GROUP_007,guosen,mapping(product_id),34,立讯精密,002475,002475.SZ,SZ,a_share,87600.0,39.8,3486822.0,40.78,3572328.0,85506.0,11023101002475,立讯精密,正常交易,,
data_samples\raw\2025-03-27_PRODUCT_001估值表.xlsx,CUSTODIAN_GROUP_007,Sheet1,2025-03-27,PRODUCT_001,,CUSTODIAN_007,CUSTODIAN_GROUP_007,guosen,mapping(product_id),35,天赐材料,002709,002709.SZ,SZ,a_share,5900.0,24.71,145789.0,19.18,113162.0,-32627.0,11023101002709,天赐材料,正常交易,,
data_samples\raw\2025-03-27_PRODUCT_001估值表.xlsx,CUSTODIAN_GROUP_007,Sheet1,2025-03-27,PRODUCT_001,,CUSTODIAN_007,CUSTODIAN_GROUP_007,guosen,mapping(product_id),39,信德新材,301349,301349.SZ,SZ,a_share,17400.0,37.52,652817.0,37.79,657546.0,4729.0,11024101301349,信德新材,正常交易,,
data_samples\raw\2025-03-27_PRODUCT_001估值表.xlsx,CUSTODIAN_GROUP_007,Sheet1,2025-03-27,PRODUCT_001,,CUSTODIAN_007,CUSTODIAN_GROUP_007,guosen,mapping(product_id),43,腾讯控股,00700,00700.HK,HK,hk_equity,12400.0,367.9,4561947.66,476.07,5903239.48,1341291.82,11028101H00700,腾讯控股,正常交易,,
data_samples\raw\2025-03-27_PRODUCT_001估值表.xlsx,CUSTODIAN_GROUP_007,Sheet1,2025-03-27,PRODUCT_001,,CUSTODIAN_007,CUSTODIAN_GROUP_007,guosen,mapping(product_id),44,理想汽车－Ｗ,02015,02015.HK,HK,hk_equity,24400.0,92.16,2248705.34,96.52,2355160.22,106454.88,11028101H02015,理想汽车－Ｗ,正常交易,,
data_samples\raw\2025-03-27_PRODUCT_001估值表.xlsx,CUSTODIAN_GROUP_007,Sheet1,2025-03-27,PRODUCT_001,,CUSTODIAN_007,CUSTODIAN_GROUP_007,guosen,mapping(product_id),45,安踏体育,02020,02020.HK,HK,hk_equity,16400.0,82.16,1347493.81,83.71,1372833.34,25339.53,11028101H02020,安踏体育,正常交易,,
data_samples\raw\2025-03-27_PRODUCT_001估值表.xlsx,CUSTODIAN_GROUP_007,Sheet1,2025-03-27,PRODUCT_001,,CUSTODIAN_007,CUSTODIAN_GROUP_007,guosen,mapping(product_id),46,中通快递－Ｗ,02057,02057.HK,HK,hk_equity,6700.0,169.07,1132735.69,146.0,978202.21,-154533.48,11028101H02057,中通快递－Ｗ,正常交易,,
data_samples\raw\2025-03-27_PRODUCT_001估值表.xlsx,CUSTODIAN_GROUP_007,Sheet1,2025-03-27,PRODUCT_001,,CUSTODIAN_007,CUSTODIAN_GROUP_007,guosen,mapping(product_id),47,长城汽车,02333,02333.HK,HK,hk_equity,41500.0,13.51,560506.07,13.47,558935.28,-1570.79,11028101H02333,长城汽车,正常交易,,
data_samples\raw\2025-03-27_PRODUCT_001估值表.xlsx,CUSTODIAN_GROUP_007,Sheet1,2025-03-27,PRODUCT_001,,CUSTODIAN_007,CUSTODIAN_GROUP_007,guosen,mapping(product_id),48,贝壳－Ｗ,02423,02423.HK,HK,hk_equity,33700.0,52.66,1774651.8,52.28,1761946.2,-12705.6,11028101H02423,贝壳－Ｗ,正常交易,,
data_samples\raw\2025-03-27_PRODUCT_001估值表.xlsx,CUSTODIAN_GROUP_007,Sheet1,2025-03-27,PRODUCT_001,,CUSTODIAN_007,CUSTODIAN_GROUP_007,guosen,mapping(product_id),49,协鑫科技,03800,03800.HK,HK,hk_equity,405000.0,1.21,488048.67,0.94,382584.47,-105464.2,11028101H03800,协鑫科技,正常交易,,
data_samples\raw\2025-03-27_PRODUCT_001估值表.xlsx,CUSTODIAN_GROUP_007,Sheet1,2025-03-27,PRODUCT_001,,CUSTODIAN_007,CUSTODIAN_GROUP_007,guosen,mapping(product_id),50,康方生物,09926,09926.HK,HK,hk_equity,2000.0,66.41,132815.44,66.36,132719.07,-96.37,11028101H09926,康方生物,正常交易,,
data_samples\raw\2025-03-27_PRODUCT_001估值表.xlsx,CUSTODIAN_GROUP_007,Sheet1,2025-03-27,PRODUCT_001,,CUSTODIAN_007,CUSTODIAN_GROUP_007,guosen,mapping(product_id),54,九号公司,689009,689009.SH,SH,a_share,44360.0,45.94,2038057.1,65.3,2896708.0,858650.9,1102A101689009,九号公司,正常交易,,
data_samples\raw\2025-03-27_PRODUCT_001估值表.xlsx,CUSTODIAN_GROUP_007,Sheet1,2025-03-27,PRODUCT_001,,CUSTODIAN_007,CUSTODIAN_GROUP_007,guosen,mapping(product_id),58,晶丰明源,688368,688368.SH,SH,a_share,3522.0,54.58,192237.46,93.57,329553.54,137316.08,1102C101688368,晶丰明源,正常交易,,
data_samples\raw\20250327_PRODUCT_002_证券投资基金估值表.csv,CUSTODIAN_GROUP_001,20250327_PRODUCT_002_证券投资基金估值表,2025-03-27,PRODUCT_002,,CUSTODIAN_001,CUSTODIAN_GROUP_001,xyzc,mapping(product_id),42,万华化学,600309,600309.SH,SH,a_share,866100.0,84.6,73273976.1,68.53,59353833.0,-13920143.1,11020101600309,万华化学,正常交易,,
data_samples\raw\20250327_PRODUCT_002_证券投资基金估值表.csv,CUSTODIAN_GROUP_001,20250327_PRODUCT_002_证券投资基金估值表,2025-03-27,PRODUCT_002,,CUSTODIAN_001,CUSTODIAN_GROUP_001,xyzc,mapping(product_id),43,宝丰能源,600989,600989.SH,SH,a_share,986100.0,14.53,14323932.11,15.86,15639546.0,1315613.89,11020101600989,宝丰能源,正常交易,,
data_samples\raw\20250327_PRODUCT_002_证券投资基金估值表.csv,CUSTODIAN_GROUP_001,20250327_PRODUCT_002_证券投资基金估值表,2025-03-27,PRODUCT_002,,CUSTODIAN_001,CUSTODIAN_GROUP_001,xyzc,mapping(product_id),44,隆基绿能,601012,601012.SH,SH,a_share,3883667.0,17.23,66907101.34,17.04,66177685.68,-729415.66,11020101601012,隆基绿能,正常交易,,
data_samples\raw\20250327_PRODUCT_002_证券投资基金估值表.csv,CUSTODIAN_GROUP_001,20250327_PRODUCT_002_证券投资基金估值表,2025-03-27,PRODUCT_002,,CUSTODIAN_001,CUSTODIAN_GROUP_001,xyzc,mapping(product_id),45,赛轮轮胎,601058,601058.SH,SH,a_share,3159400.0,12.26,38733588.19,14.81,46790714.0,8057125.81,11020101601058,赛轮轮胎,正常交易,,
data_samples\raw\20250327_PRODUCT_002_证券投资基金估值表.csv,CUSTODIAN_GROUP_001,20250327_PRODUCT_002_证券投资基金估值表,2025-03-27,PRODUCT_002,,CUSTODIAN_001,CUSTODIAN_GROUP_001,xyzc,mapping(product_id),46,博迁新材,605376,605376.SH,SH,a_share,210800.0,40.35,8506084.0,38.35,8084180.0,-421904.0,11020101605376,博迁新材,正常交易,,
data_samples\raw\20250327_PRODUCT_002_证券投资基金估值表.csv,CUSTODIAN_GROUP_001,20250327_PRODUCT_002_证券投资基金估值表,2025-03-27,PRODUCT_002,,CUSTODIAN_001,CUSTODIAN_GROUP_001,xyzc,mapping(product_id),55,石基信息,002153,002153.SZ,SZ,a_share,5874346.0,11.48,67432190.29,8.08,47464715.68,-19967474.61,11023101002153,石基信息,正常交易,,
data_samples\raw\20250327_PRODUCT_002_证券投资基金估值表.csv,CUSTODIAN_GROUP_001,20250327_PRODUCT_002_证券投资基金估值表,2025-03-27,PRODUCT_002,,CUSTODIAN_001,CUSTODIAN_GROUP_001,xyzc,mapping(product_id),56,海大集团,002311,002311.SZ,SZ,a_share,280500.0,43.52,12207403.54,50.13,14061465.0,1854061.46,11023101002311,海大集团,正常交易,,
data_samples\raw\20250327_PRODUCT_002_证券投资基金估值表.csv,CUSTODIAN_GROUP_001,20250327_PRODUCT_002_证券投资基金估值表,2025-03-27,PRODUCT_002,,CUSTODIAN_001,CUSTODIAN_GROUP_001,xyzc,mapping(product_id),57,杰瑞股份,002353,002353.SZ,SZ,a_share,1318700.0,37.37,49285659.36,37.12,48950144.0,-335515.36,11023101002353,杰瑞股份,正常交易,,
data_samples\raw\20250327_PRODUCT_002_证券投资基金估值表.csv,CUSTODIAN_GROUP_001,20250327_PRODUCT_002_证券投资基金估值表,2025-03-27,PRODUCT_002,,CUSTODIAN_001,CUSTODIAN_GROUP_001,xyzc,mapping(product_id),58,海康威视,002415,002415.SZ,SZ,a_share,4137233.0,37.88,156738143.4,31.08,128585201.64,-28152941.76,11023101002415,海康威视,正常交易,,
data_samples\raw\20250327_PRODUCT_002_证券投资基金估值表.csv,CUSTODIAN_GROUP_001,20250327_PRODUCT_002_证券投资基金估值表,2025-03-27,PRODUCT_002,,CUSTODIAN_001,CUSTODIAN_GROUP_001,xyzc,mapping(product_id),59,立讯精密,002475,002475.SZ,SZ,a_share,5388600.0,34.09,183689901.78,40.78,219747108.0,36057206.22,11023101002475,立讯精密,正常交易,,
data_samples\raw\20250327_PRODUCT_002_证券投资基金估值表.csv,CUSTODIAN_GROUP_001,20250327_PRODUCT_002_证券投资基金估值表,2025-03-27,PRODUCT_002,,CUSTODIAN_001,CUSTODIAN_GROUP_001,xyzc,mapping(product_id),68,腾讯控股,00700,00700.HK,HK,hk_equity,49700.0,394.73,19618008.19,476.07,23660564.69,4042556.5,11028101H00700,腾讯控股,正常交易,,
data_samples\raw\20250327_PRODUCT_002_证券投资基金估值表.csv,CUSTODIAN_GROUP_001,20250327_PRODUCT_002_证券投资基金估值表,2025-03-27,PRODUCT_002,,CUSTODIAN_001,CUSTODIAN_GROUP_001,xyzc,mapping(product_id),69,理想汽车－Ｗ,02015,02015.HK,HK,hk_equity,628800.0,96.49,60675526.64,96.52,60693637.25,18110.61,11028101H02015,理想汽车－Ｗ,正常交易,,
data_samples\raw\20250327_PRODUCT_002_证券投资基金估值表.csv,CUSTODIAN_GROUP_001,20250327_PRODUCT_002_证券投资基金估值表,2025-03-27,PRODUCT_002,,CUSTODIAN_001,CUSTODIAN_GROUP_001,xyzc,mapping(product_id),70,安踏体育,02020,02020.HK,HK,hk_equity,1411800.0,78.66,111055429.26,83.71,118180860.33,7125431.07,11028101H02020,安踏体育,正常交易,,
data_samples\raw\20250327_PRODUCT_002_证券投资基金估值表.csv,CUSTODIAN_GROUP_001,20250327_PRODUCT_002_证券投资基金估值表,2025-03-27,PRODUCT_002,,CUSTODIAN_001,CUSTODIAN_GROUP_001,xyzc,mapping(product_id),71,申洲国际,02313,02313.HK,HK,hk_equity,65200.0,57.17,3727492.82,57.29,3735120.55,7627.73,11028101H02313,申洲国际,正常交易,,
data_samples\raw\20250327_PRODUCT_002_证券投资基金估值表.csv,CUSTODIAN_GROUP_001,20250327_PRODUCT_002_证券投资基金估值表,2025-03-27,PRODUCT_002,,CUSTODIAN_001,CUSTODIAN_GROUP_001,xyzc,mapping(product_id),72,康方生物－Ｂ,09926,09926.HK,HK,hk_equity,1364000.0,56.35,76865159.77,66.36,90514405.74,13649245.97,11028101H09926,康方生物－Ｂ,正常交易,,
data_samples\raw\20250327_PRODUCT_002_证券投资基金估值表.csv,CUSTODIAN_GROUP_001,20250327_PRODUCT_002_证券投资基金估值表,2025-03-27,PRODUCT_002,,CUSTODIAN_001,CUSTODIAN_GROUP_001,xyzc,mapping(product_id),73,阿里巴巴－Ｗ,09988,09988.HK,HK,hk_equity,526900.0,88.65,46710189.29,121.68,64114525.06,17404335.77,11028101H09988,阿里巴巴－Ｗ,正常交易,,
data_samples\raw\20250327_PRODUCT_002_证券投资基金估值表.csv,CUSTODIAN_GROUP_001,20250327_PRODUCT_002_证券投资基金估值表,2025-03-27,PRODUCT_002,,CUSTODIAN_001,CUSTODIAN_GROUP_001,xyzc,mapping(product_id),83,惠泰医疗,688617,688617.SH,SH,a_share,5290.0,366.29,1937679.98,393.0,2078970.0,141290.02,1102C101688617,惠泰医疗,正常交易,,
data_samples\raw\20250327_PRODUCT_002_证券投资基金估值表.xls,CUSTODIAN_GROUP_001,PRODUCT_002,2025-03-27,PRODUCT_002,,CUSTODIAN_001,CUSTODIAN_GROUP_001,xyzc,mapping(product_id),42,万华化学,600309,600309.SH,SH,a_share,866100.0,84.6,73273976.1,68.53,59353833.0,-13920143.1,11020101600309,万华化学,正常交易,,
data_samples\raw\20250327_PRODUCT_002_证券投资基金估值表.xls,CUSTODIAN_GROUP_001,PRODUCT_002,2025-03-27,PRODUCT_002,,CUSTODIAN_001,CUSTODIAN_GROUP_001,xyzc,mapping(product_id),43,宝丰能源,600989,600989.SH,SH,a_share,986100.0,14.53,14323932.11,15.86,15639546.0,1315613.89,11020101600989,宝丰能源,正常交易,,
data_samples\raw\20250327_PRODUCT_002_证券投资基金估值表.xls,CUSTODIAN_GROUP_001,PRODUCT_002,2025-03-27,PRODUCT_002,,CUSTODIAN_001,CUSTODIAN_GROUP_001,xyzc,mapping(product_id),44,隆基绿能,601012,601012.SH,SH,a_share,3883667.0,17.23,66907101.34,17.04,66177685.68,-729415.66,11020101601012,隆基绿能,正常交易,,
data_samples\raw\20250327_PRODUCT_002_证券投资基金估值表.xls,CUSTODIAN_GROUP_001,PRODUCT_002,2025-03-27,PRODUCT_002,,CUSTODIAN_001,CUSTODIAN_GROUP_001,xyzc,mapping(product_id),45,赛轮轮胎,601058,601058.SH,SH,a_share,3159400.0,12.26,38733588.19,14.81,46790714.0,8057125.81,11020101601058,赛轮轮胎,正常交易,,
data_samples\raw\20250327_PRODUCT_002_证券投资基金估值表.xls,CUSTODIAN_GROUP_001,PRODUCT_002,2025-03-27,PRODUCT_002,,CUSTODIAN_001,CUSTODIAN_GROUP_001,xyzc,mapping(product_id),46,博迁新材,605376,605376.SH,SH,a_share,210800.0,40.35,8506084.0,38.35,8084180.0,-421904.0,11020101605376,博迁新材,正常交易,,
data_samples\raw\20250327_PRODUCT_002_证券投资基金估值表.xls,CUSTODIAN_GROUP_001,PRODUCT_002,2025-03-27,PRODUCT_002,,CUSTODIAN_001,CUSTODIAN_GROUP_001,xyzc,mapping(product_id),55,石基信息,002153,002153.SZ,SZ,a_share,5874346.0,11.48,67432190.29,8.08,47464715.68,-19967474.61,11023101002153,石基信息,正常交易,,
data_samples\raw\20250327_PRODUCT_002_证券投资基金估值表.xls,CUSTODIAN_GROUP_001,PRODUCT_002,2025-03-27,PRODUCT_002,,CUSTODIAN_001,CUSTODIAN_GROUP_001,xyzc,mapping(product_id),56,海大集团,002311,002311.SZ,SZ,a_share,280500.0,43.52,12207403.54,50.13,14061465.0,1854061.46,11023101002311,海大集团,正常交易,,
data_samples\raw\20250327_PRODUCT_002_证券投资基金估值表.xls,CUSTODIAN_GROUP_001,PRODUCT_002,2025-03-27,PRODUCT_002,,CUSTODIAN_001,CUSTODIAN_GROUP_001,xyzc,mapping(product_id),57,杰瑞股份,002353,002353.SZ,SZ,a_share,1318700.0,37.37,49285659.36,37.12,48950144.0,-335515.36,11023101002353,杰瑞股份,正常交易,,
data_samples\raw\20250327_PRODUCT_002_证券投资基金估值表.xls,CUSTODIAN_GROUP_001,PRODUCT_002,2025-03-27,PRODUCT_002,,CUSTODIAN_001,CUSTODIAN_GROUP_001,xyzc,mapping(product_id),58,海康威视,002415,002415.SZ,SZ,a_share,4137233.0,37.88,156738143.4,31.08,128585201.64,-28152941.76,11023101002415,海康威视,正常交易,,
data_samples\raw\20250327_PRODUCT_002_证券投资基金估值表.xls,CUSTODIAN_GROUP_001,PRODUCT_002,2025-03-27,PRODUCT_002,,CUSTODIAN_001,CUSTODIAN_GROUP_001,xyzc,mapping(product_id),59,立讯精密,002475,002475.SZ,SZ,a_share,5388600.0,34.09,183689901.78,40.78,219747108.0,36057206.22,11023101002475,立讯精密,正常交易,,
data_samples\raw\20250327_PRODUCT_002_证券投资基金估值表.xls,CUSTODIAN_GROUP_001,PRODUCT_002,2025-03-27,PRODUCT_002,,CUSTODIAN_001,CUSTODIAN_GROUP_001,xyzc,mapping(product_id),68,腾讯控股,00700,00700.HK,HK,hk_equity,49700.0,394.73,19618008.19,476.07,23660564.69,4042556.5,11028101H00700,腾讯控股,正常交易,,
data_samples\raw\20250327_PRODUCT_002_证券投资基金估值表.xls,CUSTODIAN_GROUP_001,PRODUCT_002,2025-03-27,PRODUCT_002,,CUSTODIAN_001,CUSTODIAN_GROUP_001,xyzc,mapping(product_id),69,理想汽车－Ｗ,02015,02015.HK,HK,hk_equity,628800.0,96.49,60675526.64,96.52,60693637.25,18110.61,11028101H02015,理想汽车－Ｗ,正常交易,,
data_samples\raw\20250327_PRODUCT_002_证券投资基金估值表.xls,CUSTODIAN_GROUP_001,PRODUCT_002,2025-03-27,PRODUCT_002,,CUSTODIAN_001,CUSTODIAN_GROUP_001,xyzc,mapping(product_id),70,安踏体育,02020,02020.HK,HK,hk_equity,1411800.0,78.66,111055429.26,83.71,118180860.33,7125431.07,11028101H02020,安踏体育,正常交易,,
data_samples\raw\20250327_PRODUCT_002_证券投资基金估值表.xls,CUSTODIAN_GROUP_001,PRODUCT_002,2025-03-27,PRODUCT_002,,CUSTODIAN_001,CUSTODIAN_GROUP_001,xyzc,mapping(product_id),71,申洲国际,02313,02313.HK,HK,hk_equity,65200.0,57.17,3727492.82,57.29,3735120.55,7627.73,11028101H02313,申洲国际,正常交易,,
data_samples\raw\20250327_PRODUCT_002_证券投资基金估值表.xls,CUSTODIAN_GROUP_001,PRODUCT_002,2025-03-27,PRODUCT_002,,CUSTODIAN_001,CUSTODIAN_GROUP_001,xyzc,mapping(product_id),72,康方生物－Ｂ,09926,09926.HK,HK,hk_equity,1364000.0,56.35,76865159.77,66.36,90514405.74,13649245.97,11028101H09926,康方生物－Ｂ,正常交易,,
data_samples\raw\20250327_PRODUCT_002_证券投资基金估值表.xls,CUSTODIAN_GROUP_001,PRODUCT_002,2025-03-27,PRODUCT_002,,CUSTODIAN_001,CUSTODIAN_GROUP_001,xyzc,mapping(product_id),73,阿里巴巴－Ｗ,09988,09988.HK,HK,hk_equity,526900.0,88.65,46710189.29,121.68,64114525.06,17404335.77,11028101H09988,阿里巴巴－Ｗ,正常交易,,
data_samples\raw\20250327_PRODUCT_002_证券投资基金估值表.xls,CUSTODIAN_GROUP_001,PRODUCT_002,2025-03-27,PRODUCT_002,,CUSTODIAN_001,CUSTODIAN_GROUP_001,xyzc,mapping(product_id),83,惠泰医疗,688617,688617.SH,SH,a_share,5290.0,366.29,1937679.98,393.0,2078970.0,141290.02,1102C101688617,惠泰医疗,正常交易,,
data_samples\raw\PRODUCT_006_资产估值表_20250327.xls,CUSTODIAN_GROUP_003,Sheet1,2025-03-27,PRODUCT_006,,CUSTODIAN_003,CUSTODIAN_GROUP_003,citics,mapping(product_id),30,招商银行,600036,600036.SH,SH,a_share,1.0,42.39,635877.0,43.26,648900.0,13023.0,1102.01.01.600036 SH,招商银行,正常交易,,
data_samples\raw\PRODUCT_006_资产估值表_20250327.xls,CUSTODIAN_GROUP_003,Sheet1,2025-03-27,PRODUCT_006,,CUSTODIAN_003,CUSTODIAN_GROUP_003,citics,mapping(product_id),31,万华化学,600309,600309.SH,SH,a_share,1.0,71.29,206743.24,68.53,198737.0,-8006.24,1102.01.01.600309 SH,万华化学,正常交易,,
data_samples\raw\PRODUCT_006_资产估值表_20250327.xls,CUSTODIAN_GROUP_003,Sheet1,2025-03-27,PRODUCT_006,,CUSTODIAN_003,CUSTODIAN_GROUP_003,citics,mapping(product_id),32,江苏银行,600919,600919.SH,SH,a_share,1.0,9.47,449029.0,9.55,452670.0,3641.0,1102.01.01.600919 SH,江苏银行,正常交易,,
data_samples\raw\PRODUCT_006_资产估值表_20250327.xls,CUSTODIAN_GROUP_003,Sheet1,2025-03-27,PRODUCT_006,,CUSTODIAN_003,CUSTODIAN_GROUP_003,citics,mapping(product_id),33,赛轮轮胎,601058,601058.SH,SH,a_share,1.0,14.01,89657.21,14.81,94784.0,5126.79,1102.01.01.601058 SH,赛轮轮胎,正常交易,,
data_samples\raw\PRODUCT_006_资产估值表_20250327.xls,CUSTODIAN_GROUP_003,Sheet1,2025-03-27,PRODUCT_006,,CUSTODIAN_003,CUSTODIAN_GROUP_003,citics,mapping(product_id),34,赛力斯,601127,601127.SH,SH,a_share,1.0,123.78,24755.0,126.9,25380.0,625.0,1102.01.01.601127 SH,赛力斯,正常交易,,
data_samples\raw\PRODUCT_006_资产估值表_20250327.xls,CUSTODIAN_GROUP_003,Sheet1,2025-03-27,PRODUCT_006,,CUSTODIAN_003,CUSTODIAN_GROUP_003,citics,mapping(product_id),35,博迁新材,605376,605376.SH,SH,a_share,1.0,31.66,310224.0,38.35,375830.0,65606.0,1102.01.01.605376 SH,博迁新材,正常交易,,
data_samples\raw\PRODUCT_006_资产估值表_20250327.xls,CUSTODIAN_GROUP_003,Sheet1,2025-03-27,PRODUCT_006,,CUSTODIAN_003,CUSTODIAN_GROUP_003,citics,mapping(product_id),38,中微公司,688012,688012.SH,SH,a_share,1.0,190.62,38123.64,189.69,37938.0,-185.64,1102.02.01.688012 SH,中微公司,正常交易,,
data_samples\raw\PRODUCT_006_资产估值表_20250327.xls,CUSTODIAN_GROUP_003,Sheet1,2025-03-27,PRODUCT_006,,CUSTODIAN_003,CUSTODIAN_GROUP_003,citics,mapping(product_id),41,美的集团,000333,000333.SZ,SZ,a_share,1.0,68.53,822396.08,76.5,918000.0,95603.92,1102.33.01.000333 SZ,美的集团,正常交易,,
data_samples\raw\PRODUCT_006_资产估值表_20250327.xls,CUSTODIAN_GROUP_003,Sheet1,2025-03-27,PRODUCT_006,,CUSTODIAN_003,CUSTODIAN_GROUP_003,citics,mapping(product_id),42,我爱我家,000560,000560.SZ,SZ,a_share,1.0,3.36,33301.89,3.05,30195.0,-3106.89,1102.33.01.000560 SZ,我爱我家,正常交易,,
data_samples\raw\PRODUCT_006_资产估值表_20250327.xls,CUSTODIAN_GROUP_003,Sheet1,2025-03-27,PRODUCT_006,,CUSTODIAN_003,CUSTODIAN_GROUP_003,citics,mapping(product_id),43,泸州老窖,000568,000568.SZ,SZ,a_share,1.0,144.0,144000.0,134.12,134120.0,-9880.0,1102.33.01.000568 SZ,泸州老窖,正常交易,,
data_samples\raw\PRODUCT_006_资产估值表_20250327.xls,CUSTODIAN_GROUP_003,Sheet1,2025-03-27,PRODUCT_006,,CUSTODIAN_003,CUSTODIAN_GROUP_003,citics,mapping(product_id),44,杰瑞股份,002353,002353.SZ,SZ,a_share,1.0,37.32,186594.0,37.12,185600.0,-994.0,1102.33.01.002353 SZ,杰瑞股份,正常交易,,
data_samples\raw\PRODUCT_006_资产估值表_20250327.xls,CUSTODIAN_GROUP_003,Sheet1,2025-03-27,PRODUCT_006,,CUSTODIAN_003,CUSTODIAN_GROUP_003,citics,mapping(product_id),45,北方华创,002371,002371.SZ,SZ,a_share,1.0,448.84,44884.0,430.4,43040.0,-1844.0,1102.33.01.002371 SZ,北方华创,正常交易,,
data_samples\raw\PRODUCT_006_资产估值表_20250327.xls,CUSTODIAN_GROUP_003,Sheet1,2025-03-27,PRODUCT_006,,CUSTODIAN_003,CUSTODIAN_GROUP_003,citics,mapping(product_id),46,申通快递,002468,002468.SZ,SZ,a_share,1.0,12.14,36424.0,11.79,35370.0,-1054.0,1102.33.01.002468 SZ,申通快递,正常交易,,
data_samples\raw\PRODUCT_006_资产估值表_20250327.xls,CUSTODIAN_GROUP_003,Sheet1,2025-03-27,PRODUCT_006,,CUSTODIAN_003,CUSTODIAN_GROUP_003,citics,mapping(product_id),47,立讯精密,002475,002475.SZ,SZ,a_share,1.0,40.0,232003.57,40.78,236524.0,4520.43,1102.33.01.002475 SZ,立讯精密,正常交易,,
data_samples\raw\PRODUCT_006_资产估值表_20250327.xls,CUSTODIAN_GROUP_003,Sheet1,2025-03-27,PRODUCT_006,,CUSTODIAN_003,CUSTODIAN_GROUP_003,citics,mapping(product_id),48,天赐材料,002709,002709.SZ,SZ,a_share,1.0,21.02,31523.88,19.18,28770.0,-2753.88,1102.33.01.002709 SZ,天赐材料,正常交易,,
data_samples\raw\PRODUCT_006_资产估值表_20250327.xls,CUSTODIAN_GROUP_003,Sheet1,2025-03-27,PRODUCT_006,,CUSTODIAN_003,CUSTODIAN_GROUP_003,citics,mapping(product_id),51,同花顺,300033,300033.SZ,SZ,a_share,1.0,286.91,28691.0,296.9,29690.0,999.0,1102.34.01.300033 SZ,同花顺,正常交易,,
data_samples\raw\PRODUCT_006_资产估值表_20250327.xls,CUSTODIAN_GROUP_003,Sheet1,2025-03-27,PRODUCT_006,,CUSTODIAN_003,CUSTODIAN_GROUP_003,citics,mapping(product_id),54,吉利汽车,00175,00175.HK,HK,hk_equity,0.9353,13.79,140769.2,17.0,174901.1,34131.9,1102.65.01.00175 HG,吉利汽车,正常交易,,
data_samples\raw\PRODUCT_006_资产估值表_20250327.xls,CUSTODIAN_GROUP_003,Sheet1,2025-03-27,PRODUCT_006,,CUSTODIAN_003,CUSTODIAN_GROUP_003,citics,mapping(product_id),55,康师傅控股,00322,00322.HK,HK,hk_equity,0.9353,12.52,70025.36,12.6,70708.68,683.32,1102.65.01.00322 HG,康师傅控股,正常交易,,
data_samples\raw\PRODUCT_006_资产估值表_20250327.xls,CUSTODIAN_GROUP_003,Sheet1,2025-03-27,PRODUCT_006,,CUSTODIAN_003,CUSTODIAN_GROUP_003,citics,mapping(product_id),56,腾讯控股,00700,00700.HK,HK,hk_equity,0.9353,376.87,767508.19,509.0,1047348.94,279840.75,1102.65.01.00700 HG,腾讯控股,正常交易,,
data_samples\raw\PRODUCT_006_资产估值表_20250327.xls,CUSTODIAN_GROUP_003,Sheet1,2025-03-27,PRODUCT_006,,CUSTODIAN_003,CUSTODIAN_GROUP_003,citics,mapping(product_id),57,信义玻璃,00868,00868.HK,HK,hk_equity,0.9353,8.2,99170.17,8.04,97757.56,-1412.61,1102.65.01.00868 HG,信义玻璃,正常交易,,
data_samples\raw\PRODUCT_006_资产估值表_20250327.xls,CUSTODIAN_GROUP_003,Sheet1,2025-03-27,PRODUCT_006,,CUSTODIAN_003,CUSTODIAN_GROUP_003,citics,mapping(product_id),58,中国移动,00941,00941.HK,HK,hk_equity,0.9353,74.4,348256.31,82.55,386045.08,37788.77,1102.65.01.00941 HG,中国移动,正常交易,,
data_samples\raw\PRODUCT_006_资产估值表_20250327.xls,CUSTODIAN_GROUP_003,Sheet1,2025-03-27,PRODUCT_006,,CUSTODIAN_003,CUSTODIAN_GROUP_003,citics,mapping(product_id),59,中芯国际,00981,00981.HK,HK,hk_equity,0.9353,47.6,22297.74,50.35,23546.18,1248.44,1102.65.01.00981 HG,中芯国际,正常交易,,
data_samples\raw\PRODUCT_006_资产估值表_20250327.xls,CUSTODIAN_GROUP_003,Sheet1,2025-03-27,PRODUCT_006,,CUSTODIAN_003,CUSTODIAN_GROUP_003,citics,mapping(product_id),60,华润置地,01109,01109.HK,HK,hk_equity,0.9353,26.05,231142.55,25.75,228797.76,-2344.79,1102.65.01.01109 HG,华润置地,正常交易,,
data_samples\raw\PRODUCT_006_资产估值表_20250327.xls,CUSTODIAN_GROUP_003,Sheet1,2025-03-27,PRODUCT_006,,CUSTODIAN_003,CUSTODIAN_GROUP_003,citics,mapping(product_id),61,华润万象生活,01209,01209.HK,HK,hk_equity,0.9353,33.4,31234.01,34.75,32501.68,1267.67,1102.65.01.01209 HG,华润万象生活,正常交易,,
data_samples\raw\PRODUCT_006_资产估值表_20250327.xls,CUSTODIAN_GROUP_003,Sheet1,2025-03-27,PRODUCT_006,,CUSTODIAN_003,CUSTODIAN_GROUP_003,citics,mapping(product_id),62,中国有色矿业,01258,01258.HK,HK,hk_equity,0.9353,5.77,26983.98,5.82,27217.23,233.25,1102.65.01.01258 HG,中国有色矿业,正常交易,,
data_samples\raw\PRODUCT_006_资产估值表_20250327.xls,CUSTODIAN_GROUP_003,Sheet1,2025-03-27,PRODUCT_006,,CUSTODIAN_003,CUSTODIAN_GROUP_003,citics,mapping(product_id),63,小米集团－Ｗ,01810,01810.HK,HK,hk_equity,0.9353,19.28,31717.37,51.7,87039.02,55321.65,1102.65.01.01810 HG,小米集团－Ｗ,正常交易,,
data_samples\raw\PRODUCT_006_资产估值表_20250327.xls,CUSTODIAN_GROUP_003,Sheet1,2025-03-27,PRODUCT_006,,CUSTODIAN_003,CUSTODIAN_GROUP_003,citics,mapping(product_id),64,理想汽车－Ｗ,02015,02015.HK,HK,hk_equity,0.9353,90.96,236144.32,103.2,270264.29,34119.97,1102.65.01.02015 HG,理想汽车－Ｗ,正常交易,,
data_samples\raw\PRODUCT_006_资产估值表_20250327.xls,CUSTODIAN_GROUP_003,Sheet1,2025-03-27,PRODUCT_006,,CUSTODIAN_003,CUSTODIAN_GROUP_003,citics,mapping(product_id),65,安踏体育,02020,02020.HK,HK,hk_equity,0.9353,80.14,343220.59,89.5,385063.01,41842.42,1102.65.01.02020 HG,安踏体育,正常交易,,
data_samples\raw\PRODUCT_006_资产估值表_20250327.xls,CUSTODIAN_GROUP_003,Sheet1,2025-03-27,PRODUCT_006,,CUSTODIAN_003,CUSTODIAN_GROUP_003,citics,mapping(product_id),66,申洲国际,02313,02313.HK,HK,hk_equity,0.9353,58.0,65086.44,61.25,68744.55,3658.11,1102.65.01.02313 HG,申洲国际,正常交易,,
data_samples\raw\PRODUCT_006_资产估值表_20250327.xls,CUSTODIAN_GROUP_003,Sheet1,2025-03-27,PRODUCT_006,,CUSTODIAN_003,CUSTODIAN_GROUP_003,citics,mapping(product_id),67,中国财险,02328,02328.HK,HK,hk_equity,0.9353,12.65,165652.05,14.54,190389.67,24737.62,1102.65.01.02328 HG,中国财险,正常交易,,
data_samples\raw\PRODUCT_006_资产估值表_20250327.xls,CUSTODIAN_GROUP_003,Sheet1,2025-03-27,PRODUCT_006,,CUSTODIAN_003,CUSTODIAN_GROUP_003,citics,mapping(product_id),68,长城汽车,02333,02333.HK,HK,hk_equity,0.9353,15.06,98191.42,14.4,94278.24,-3913.18,1102.65.01.02333 HG,长城汽车,正常交易,,
data_samples\raw\PRODUCT_006_资产估值表_20250327.xls,CUSTODIAN_GROUP_003,Sheet1,2025-03-27,PRODUCT_006,,CUSTODIAN_003,CUSTODIAN_GROUP_003,citics,mapping(product_id),69,贝壳－Ｗ,02423,02423.HK,HK,hk_equity,0.9353,60.22,162804.45,55.9,151621.48,-11182.97,1102.65.01.02423 HG,贝壳－Ｗ,正常交易,,
data_samples\raw\PRODUCT_006_资产估值表_20250327.xls,CUSTODIAN_GROUP_003,Sheet1,2025-03-27,PRODUCT_006,,CUSTODIAN_003,CUSTODIAN_GROUP_003,citics,mapping(product_id),70,中国太保,02601,02601.HK,HK,hk_equity,0.9353,23.15,159656.76,25.0,173030.5,13373.74,1102.65.01.02601 HG,中国太保,正常交易,,
data_samples\raw\PRODUCT_006_资产估值表_20250327.xls,CUSTODIAN_GROUP_003,Sheet1,2025-03-27,PRODUCT_006,,CUSTODIAN_003,CUSTODIAN_GROUP_003,citics,mapping(product_id),71,紫金矿业,02899,02899.HK,HK,hk_equity,0.9353,14.98,112679.47,17.82,133336.37,20656.9,1102.65.01.02899 HG,紫金矿业,正常交易,,
data_samples\raw\PRODUCT_006_资产估值表_20250327.xls,CUSTODIAN_GROUP_003,Sheet1,2025-03-27,PRODUCT_006,,CUSTODIAN_003,CUSTODIAN_GROUP_003,citics,mapping(product_id),72,协鑫科技,03800,03800.HK,HK,hk_equity,0.9353,1.26,64601.11,1.01,51955.92,-12645.19,1102.65.01.03800 HG,协鑫科技,正常交易,,
data_samples\raw\PRODUCT_006_资产估值表_20250327.xls,CUSTODIAN_GROUP_003,Sheet1,2025-03-27,PRODUCT_006,,CUSTODIAN_003,CUSTODIAN_GROUP_003,citics,mapping(product_id),73,洛阳钼业,03993,03993.HK,HK,hk_equity,0.9353,5.69,95821.15,6.64,111787.06,15965.91,1102.65.01.03993 HG,洛阳钼业,正常交易,,
data_samples\raw\PRODUCT_006_资产估值表_20250327.xls,CUSTODIAN_GROUP_003,Sheet1,2025-03-27,PRODUCT_006,,CUSTODIAN_003,CUSTODIAN_GROUP_003,citics,mapping(product_id),74,康方生物,09926,09926.HK,HK,hk_equity,0.9353,69.2,258160.18,70.95,265438.14,7277.96,1102.65.01.09926 HG,康方生物,正常交易,,
data_samples\raw\PRODUCT_006_资产估值表_20250327.xls,CUSTODIAN_GROUP_003,Sheet1,2025-03-27,PRODUCT_006,,CUSTODIAN_003,CUSTODIAN_GROUP_003,citics,mapping(product_id),75,阿里巴巴－Ｗ,09988,09988.HK,HK,hk_equity,0.9353,90.23,524484.01,130.1,778768.19,254284.18,1102.65.01.09988 HG,阿里巴巴－Ｗ,正常交易,,
data_samples\raw\PRODUCT_006_资产估值表_20250327.xls,CUSTODIAN_GROUP_003,Sheet1,2025-03-27,PRODUCT_006,,CUSTODIAN_003,CUSTODIAN_GROUP_003,citics,mapping(product_id),79,鸿路转债,128134,128134.SZ,SZ,a_share,1.0,110.91,55457.4,112.98,56490.0,1032.6,1103.61.01.128134 SZ,鸿路转债,正常交易,,
data_samples\raw\PRODUCT_006_资产估值表_20250327.xls,CUSTODIAN_GROUP_003,Sheet1,2025-03-27,PRODUCT_006,,CUSTODIAN_003,CUSTODIAN_GROUP_003,citics,mapping(product_id),81,鸿路转债,128134,128134.SZ,SZ,a_share,1.0,,419.18,0.0,419.18,,1103.61.03.128134 SZ,鸿路转债,,,
data_samples\raw\PRODUCT_006_资产估值表_20250327.xls,CUSTODIAN_GROUP_003,Sheet1,2025-03-27,PRODUCT_006,,CUSTODIAN_003,CUSTODIAN_GROUP_003,citics,mapping(product_id),85,华宝中证全指证券公司ETF,512000,512000.SH,SH,fund_or_etf,1.0,1.09,76080.0,1.059,74130.0,-1950.0,1105.02.01.512000 SH,华宝中证全指证券公司ETF,正常交易,,
data_samples\raw\PRODUCT_008委托资产资产估值表20250327.xls,CUSTODIAN_GROUP_002,Sheet1,2025-03-27,PRODUCT_008,,CUSTODIAN_002,CUSTODIAN_GROUP_002,cmsc,mapping(product_id),37,万华化学,600309,600309.SH,SH,a_share,1953100.0,84.65,165331135.06,68.53,133845943.0,-31485192.06,1102.01.01.600309 SH,万华化学,正常交易,,
data_samples\raw\PRODUCT_008委托资产资产估值表20250327.xls,CUSTODIAN_GROUP_002,Sheet1,2025-03-27,PRODUCT_008,,CUSTODIAN_002,CUSTODIAN_GROUP_002,cmsc,mapping(product_id),38,宝丰能源,600989,600989.SH,SH,a_share,2330600.0,14.53,33859940.95,15.86,36963316.0,3103375.05,1102.01.01.600989 SH,宝丰能源,正常交易,,
data_samples\raw\PRODUCT_008委托资产资产估值表20250327.xls,CUSTODIAN_GROUP_002,Sheet1,2025-03-27,PRODUCT_008,,CUSTODIAN_002,CUSTODIAN_GROUP_002,cmsc,mapping(product_id),39,隆基绿能,601012,601012.SH,SH,a_share,10457752.0,17.22,180123670.77,17.04,178200094.08,-1923576.69,1102.01.01.601012 SH,隆基绿能,正常交易,,
data_samples\raw\PRODUCT_008委托资产资产估值表20250327.xls,CUSTODIAN_GROUP_002,Sheet1,2025-03-27,PRODUCT_008,,CUSTODIAN_002,CUSTODIAN_GROUP_002,cmsc,mapping(product_id),40,赛轮轮胎,601058,601058.SH,SH,a_share,7810768.0,12.37,96607562.85,14.81,115677474.08,19069911.23,1102.01.01.601058 SH,赛轮轮胎,正常交易,,
data_samples\raw\PRODUCT_008委托资产资产估值表20250327.xls,CUSTODIAN_GROUP_002,Sheet1,2025-03-27,PRODUCT_008,,CUSTODIAN_002,CUSTODIAN_GROUP_002,cmsc,mapping(product_id),41,博迁新材,605376,605376.SH,SH,a_share,573000.0,40.36,23129114.0,38.35,21974550.0,-1154564.0,1102.01.01.605376 SH,博迁新材,正常交易,,
data_samples\raw\PRODUCT_008委托资产资产估值表20250327.xls,CUSTODIAN_GROUP_002,Sheet1,2025-03-27,PRODUCT_008,,CUSTODIAN_002,CUSTODIAN_GROUP_002,cmsc,mapping(product_id),44,石基信息,002153,002153.SZ,SZ,a_share,14642700.0,11.45,167633962.46,8.08,118313016.0,-49320946.46,1102.33.01.002153 SZ,石基信息,正常交易,,
data_samples\raw\PRODUCT_008委托资产资产估值表20250327.xls,CUSTODIAN_GROUP_002,Sheet1,2025-03-27,PRODUCT_008,,CUSTODIAN_002,CUSTODIAN_GROUP_002,cmsc,mapping(product_id),45,海大集团,002311,002311.SZ,SZ,a_share,657600.0,43.53,28627290.62,50.13,32965488.0,4338197.38,1102.33.01.002311 SZ,海大集团,正常交易,,
data_samples\raw\PRODUCT_008委托资产资产估值表20250327.xls,CUSTODIAN_GROUP_002,Sheet1,2025-03-27,PRODUCT_008,,CUSTODIAN_002,CUSTODIAN_GROUP_002,cmsc,mapping(product_id),46,杰瑞股份,002353,002353.SZ,SZ,a_share,3622734.0,37.39,135441230.01,37.12,134475886.08,-965343.93,1102.33.01.002353 SZ,杰瑞股份,正常交易,,
data_samples\raw\PRODUCT_008委托资产资产估值表20250327.xls,CUSTODIAN_GROUP_002,Sheet1,2025-03-27,PRODUCT_008,,CUSTODIAN_002,CUSTODIAN_GROUP_002,cmsc,mapping(product_id),47,海康威视,002415,002415.SZ,SZ,a_share,10695800.0,38.32,409909516.45,31.08,332425464.0,-77484052.45,1102.33.01.002415 SZ,海康威视,正常交易,,
data_samples\raw\PRODUCT_008委托资产资产估值表20250327.xls,CUSTODIAN_GROUP_002,Sheet1,2025-03-27,PRODUCT_008,,CUSTODIAN_002,CUSTODIAN_GROUP_002,cmsc,mapping(product_id),48,立讯精密,002475,002475.SZ,SZ,a_share,13432500.0,33.68,452417264.11,40.78,547777350.0,95360085.89,1102.33.01.002475 SZ,立讯精密,正常交易,,
data_samples\raw\PRODUCT_008委托资产资产估值表20250327.xls,CUSTODIAN_GROUP_002,Sheet1,2025-03-27,PRODUCT_008,,CUSTODIAN_002,CUSTODIAN_GROUP_002,cmsc,mapping(product_id),51,腾讯控股,00700,00700.HK,HK,hk_equity,160200.0,418.24,63201752.27,509.0,76266045.54,13064293.27,1102.65.01.00700 HG,腾讯控股,正常交易,,
data_samples\raw\PRODUCT_008委托资产资产估值表20250327.xls,CUSTODIAN_GROUP_002,Sheet1,2025-03-27,PRODUCT_008,,CUSTODIAN_002,CUSTODIAN_GROUP_002,cmsc,mapping(product_id),52,理想汽车－Ｗ,02015,02015.HK,HK,hk_equity,1517200.0,104.82,146154066.63,103.2,146444634.91,290568.28,1102.65.01.02015 HG,理想汽车－Ｗ,正常交易,,
data_samples\raw\PRODUCT_008委托资产资产估值表20250327.xls,CUSTODIAN_GROUP_002,Sheet1,2025-03-27,PRODUCT_008,,CUSTODIAN_002,CUSTODIAN_GROUP_002,cmsc,mapping(product_id),53,安踏体育,02020,02020.HK,HK,hk_equity,4692600.0,79.96,344482124.13,89.5,392814495.81,48332371.68,1102.65.01.02020 HG,安踏体育,正常交易,,
data_samples\raw\PRODUCT_008委托资产资产估值表20250327.xls,CUSTODIAN_GROUP_002,Sheet1,2025-03-27,PRODUCT_008,,CUSTODIAN_002,CUSTODIAN_GROUP_002,cmsc,mapping(product_id),54,申洲国际,02313,02313.HK,HK,hk_equity,173800.0,61.15,9938994.0,61.25,9956502.33,17508.33,1102.65.01.02313 HG,申洲国际,正常交易,,
data_samples\raw\PRODUCT_008委托资产资产估值表20250327.xls,CUSTODIAN_GROUP_002,Sheet1,2025-03-27,PRODUCT_008,,CUSTODIAN_002,CUSTODIAN_GROUP_002,cmsc,mapping(product_id),55,康方生物,09926,09926.HK,HK,hk_equity,4122000.0,62.26,236914832.95,70.95,273534003.27,36619170.32,1102.65.01.09926 HG,康方生物,正常交易,,
data_samples\raw\PRODUCT_008委托资产资产估值表20250327.xls,CUSTODIAN_GROUP_002,Sheet1,2025-03-27,PRODUCT_008,,CUSTODIAN_002,CUSTODIAN_GROUP_002,cmsc,mapping(product_id),56,阿里巴巴－Ｗ,09988,09988.HK,HK,hk_equity,1523800.0,90.63,129878461.69,130.1,185419839.21,55541377.52,1102.65.01.09988 HG,阿里巴巴－Ｗ,正常交易,,
data_samples\raw\PRODUCT_008委托资产资产估值表20250327.xls,CUSTODIAN_GROUP_002,Sheet1,2025-03-27,PRODUCT_008,,CUSTODIAN_002,CUSTODIAN_GROUP_002,cmsc,mapping(product_id),59,惠泰医疗,688617,688617.SH,SH,a_share,17950.0,365.86,6567273.36,393.0,7054350.0,487076.64,1102.C1.01.688617 SH,惠泰医疗,正常交易,,
data_samples\raw\PRODUCT_010_证券投资基金估值表_2025-03-27.xls,CUSTODIAN_GROUP_004,Sheet1,2025-03-27,PRODUCT_010,,CUSTODIAN_004,CUSTODIAN_GROUP_004,orient,mapping(product_id),34,万华化学,600309,600309.SH,SH,a_share,448300.0,82.54,37004024.68,68.53,30721999.0,-6282025.68,11020101600309,万华化学,正常交易,,
data_samples\raw\PRODUCT_010_证券投资基金估值表_2025-03-27.xls,CUSTODIAN_GROUP_004,Sheet1,2025-03-27,PRODUCT_010,,CUSTODIAN_004,CUSTODIAN_GROUP_004,orient,mapping(product_id),35,隆基绿能,601012,601012.SH,SH,a_share,5078975.0,17.22,87484370.82,17.04,86545734.0,-938636.82,11020101601012,隆基绿能,正常交易,,
data_samples\raw\PRODUCT_010_证券投资基金估值表_2025-03-27.xls,CUSTODIAN_GROUP_004,Sheet1,2025-03-27,PRODUCT_010,,CUSTODIAN_004,CUSTODIAN_GROUP_004,orient,mapping(product_id),36,赛轮轮胎,601058,601058.SH,SH,a_share,2176400.0,12.82,27906459.56,14.81,32232484.0,4326024.44,11020101601058,赛轮轮胎,正常交易,,
data_samples\raw\PRODUCT_010_证券投资基金估值表_2025-03-27.xls,CUSTODIAN_GROUP_004,Sheet1,2025-03-27,PRODUCT_010,,CUSTODIAN_004,CUSTODIAN_GROUP_004,orient,mapping(product_id),37,博迁新材,605376,605376.SH,SH,a_share,267600.0,40.34,10795361.0,38.35,10262460.0,-532901.0,11020101605376,博迁新材,正常交易,,
data_samples\raw\PRODUCT_010_证券投资基金估值表_2025-03-27.xls,CUSTODIAN_GROUP_004,Sheet1,2025-03-27,PRODUCT_010,,CUSTODIAN_004,CUSTODIAN_GROUP_004,orient,mapping(product_id),41,石基信息,002153,002153.SZ,SZ,a_share,6751100.0,8.1,54680503.65,8.08,54548888.0,-131615.65,11023101002153,石基信息,正常交易,,
data_samples\raw\PRODUCT_010_证券投资基金估值表_2025-03-27.xls,CUSTODIAN_GROUP_004,Sheet1,2025-03-27,PRODUCT_010,,CUSTODIAN_004,CUSTODIAN_GROUP_004,orient,mapping(product_id),42,杰瑞股份,002353,002353.SZ,SZ,a_share,1737600.0,37.41,65008416.37,37.12,64499712.0,-508704.37,11023101002353,杰瑞股份,正常交易,,
data_samples\raw\PRODUCT_010_证券投资基金估值表_2025-03-27.xls,CUSTODIAN_GROUP_004,Sheet1,2025-03-27,PRODUCT_010,,CUSTODIAN_004,CUSTODIAN_GROUP_004,orient,mapping(product_id),43,海康威视,002415,002415.SZ,SZ,a_share,5091200.0,36.67,186680388.74,31.08,158234496.0,-28445892.74,11023101002415,海康威视,正常交易,,
data_samples\raw\PRODUCT_010_证券投资基金估值表_2025-03-27.xls,CUSTODIAN_GROUP_004,Sheet1,2025-03-27,PRODUCT_010,,CUSTODIAN_004,CUSTODIAN_GROUP_004,orient,mapping(product_id),44,立讯精密,002475,002475.SZ,SZ,a_share,4395800.0,34.76,152776384.54,40.78,179260724.0,26484339.46,11023101002475,立讯精密,正常交易,,
data_samples\raw\PRODUCT_010_证券投资基金估值表_2025-03-27.xls,CUSTODIAN_GROUP_004,Sheet1,2025-03-27,PRODUCT_010,,CUSTODIAN_004,CUSTODIAN_GROUP_004,orient,mapping(product_id),48,康师傅控股,00322,00322.HK,HK,hk_equity,770000.0,10.98,8453580.15,11.78,9074280.6,620700.45,11028101H00322,康师傅控股,正常交易,,
data_samples\raw\PRODUCT_010_证券投资基金估值表_2025-03-27.xls,CUSTODIAN_GROUP_004,Sheet1,2025-03-27,PRODUCT_010,,CUSTODIAN_004,CUSTODIAN_GROUP_004,orient,mapping(product_id),49,腾讯控股,00700,00700.HK,HK,hk_equity,161800.0,337.99,54687286.31,476.07,77027753.86,22340467.55,11028101H00700,腾讯控股,正常交易,,
data_samples\raw\PRODUCT_010_证券投资基金估值表_2025-03-27.xls,CUSTODIAN_GROUP_004,Sheet1,2025-03-27,PRODUCT_010,,CUSTODIAN_004,CUSTODIAN_GROUP_004,orient,mapping(product_id),50,理想汽车－Ｗ,02015,02015.HK,HK,hk_equity,649400.0,94.9,61628547.58,96.52,62682010.22,1053462.64,11028101H02015,理想汽车－Ｗ,正常交易,,
data_samples\raw\PRODUCT_010_证券投资基金估值表_2025-03-27.xls,CUSTODIAN_GROUP_004,Sheet1,2025-03-27,PRODUCT_010,,CUSTODIAN_004,CUSTODIAN_GROUP_004,orient,mapping(product_id),51,安踏体育,02020,02020.HK,HK,hk_equity,1444600.0,77.53,111999459.72,83.71,120926527.01,8927067.29,11028101H02020,安踏体育,正常交易,,
data_samples\raw\PRODUCT_010_证券投资基金估值表_2025-03-27.xls,CUSTODIAN_GROUP_004,Sheet1,2025-03-27,PRODUCT_010,,CUSTODIAN_004,CUSTODIAN_GROUP_004,orient,mapping(product_id),52,申洲国际,02313,02313.HK,HK,hk_equity,375600.0,58.09,21818680.37,57.29,21517044.15,-301636.22,11028101H02313,申洲国际,正常交易,,
data_samples\raw\PRODUCT_010_证券投资基金估值表_2025-03-27.xls,CUSTODIAN_GROUP_004,Sheet1,2025-03-27,PRODUCT_010,,CUSTODIAN_004,CUSTODIAN_GROUP_004,orient,mapping(product_id),53,李宁,02331,02331.HK,HK,hk_equity,872500.0,33.74,29433816.29,15.99,13954442.18,-15479374.11,11028101H02331,李宁,正常交易,,
data_samples\raw\PRODUCT_010_证券投资基金估值表_2025-03-27.xls,CUSTODIAN_GROUP_004,Sheet1,2025-03-27,PRODUCT_010,,CUSTODIAN_004,CUSTODIAN_GROUP_004,orient,mapping(product_id),54,康方生物,09926,09926.HK,HK,hk_equity,1971000.0,61.92,122046282.65,66.36,130794643.49,8748360.84,11028101H09926,康方生物,正常交易,,
data_samples\raw\PRODUCT_010_证券投资基金估值表_2025-03-27.xls,CUSTODIAN_GROUP_004,Sheet1,2025-03-27,PRODUCT_010,,CUSTODIAN_004,CUSTODIAN_GROUP_004,orient,mapping(product_id),55,阿里巴巴－Ｗ,09988,09988.HK,HK,hk_equity,1954600.0,77.68,151837421.53,121.68,237840673.14,86003251.61,11028101H09988,阿里巴巴－Ｗ,正常交易,,
data_samples\raw\PRODUCT_010_证券投资基金估值表_2025-03-27.xls,CUSTODIAN_GROUP_004,Sheet1,2025-03-27,PRODUCT_010,,CUSTODIAN_004,CUSTODIAN_GROUP_004,orient,mapping(product_id),59,晶丰明源,688368,688368.SH,SH,a_share,477876.0,71.05,33951060.36,93.57,44714857.32,10763796.96,1102C101688368,晶丰明源,正常交易,,
data_samples\raw\PRODUCT_010_证券投资基金估值表_2025-03-27.xls,CUSTODIAN_GROUP_004,Sheet1,2025-03-27,PRODUCT_010,,CUSTODIAN_004,CUSTODIAN_GROUP_004,orient,mapping(product_id),60,惠泰医疗,688617,688617.SH,SH,a_share,8346.0,366.13,3055703.94,393.0,3279978.0,224274.06,1102C101688617,惠泰医疗,正常交易,,
data_samples\raw\PRODUCT_012_估值表_20250327.xls,CUSTODIAN_GROUP_006,Sheet1,2025-03-27,PRODUCT_012,,CUSTODIAN_006,CUSTODIAN_GROUP_006,gtja,mapping(product_id),33,万华化学,600309,600309.SH,SH,a_share,8100.0,68.29,553150.0,68.53,555093.0,1943.0,11020101600309,万华化学,正常交易,,
data_samples\raw\PRODUCT_012_估值表_20250327.xls,CUSTODIAN_GROUP_006,Sheet1,2025-03-27,PRODUCT_012,,CUSTODIAN_006,CUSTODIAN_GROUP_006,gtja,mapping(product_id),34,赛轮轮胎,601058,601058.SH,SH,a_share,19900.0,15.26,303710.12,14.81,294719.0,-8991.12,11020101601058,赛轮轮胎,正常交易,,
data_samples\raw\PRODUCT_012_估值表_20250327.xls,CUSTODIAN_GROUP_006,Sheet1,2025-03-27,PRODUCT_012,,CUSTODIAN_006,CUSTODIAN_GROUP_006,gtja,mapping(product_id),35,赛力斯,601127,601127.SH,SH,a_share,1200.0,127.96,153553.9,126.9,152280.0,-1273.9,11020101601127,赛力斯,正常交易,,
data_samples\raw\PRODUCT_012_估值表_20250327.xls,CUSTODIAN_GROUP_006,Sheet1,2025-03-27,PRODUCT_012,,CUSTODIAN_006,CUSTODIAN_GROUP_006,gtja,mapping(product_id),36,洛阳钼业,603993,603993.SH,SH,a_share,160900.0,7.84,1261291.8,7.79,1253411.0,-7880.8,11020101603993,洛阳钼业,正常交易,,
data_samples\raw\PRODUCT_012_估值表_20250327.xls,CUSTODIAN_GROUP_006,Sheet1,2025-03-27,PRODUCT_012,,CUSTODIAN_006,CUSTODIAN_GROUP_006,gtja,mapping(product_id),37,博迁新材,605376,605376.SH,SH,a_share,162100.0,32.69,5298699.39,38.35,6216535.0,917835.61,11020101605376,博迁新材,正常交易,,
data_samples\raw\PRODUCT_012_估值表_20250327.xls,CUSTODIAN_GROUP_006,Sheet1,2025-03-27,PRODUCT_012,,CUSTODIAN_006,CUSTODIAN_GROUP_006,gtja,mapping(product_id),46,美的集团,000333,000333.SZ,SZ,a_share,22200.0,75.84,1683743.0,76.5,1698300.0,14557.0,11023101000333,美的集团,正常交易,,
data_samples\raw\PRODUCT_012_估值表_20250327.xls,CUSTODIAN_GROUP_006,Sheet1,2025-03-27,PRODUCT_012,,CUSTODIAN_006,CUSTODIAN_GROUP_006,gtja,mapping(product_id),47,申通快递,002468,002468.SZ,SZ,a_share,190000.0,11.55,2194557.14,11.79,2240100.0,45542.86,11023101002468,申通快递,正常交易,,
data_samples\raw\PRODUCT_012_估值表_20250327.xls,CUSTODIAN_GROUP_006,Sheet1,2025-03-27,PRODUCT_012,,CUSTODIAN_006,CUSTODIAN_GROUP_006,gtja,mapping(product_id),48,立讯精密,002475,002475.SZ,SZ,a_share,36000.0,38.6,1389686.25,40.78,1468080.0,78393.75,11023101002475,立讯精密,正常交易,,
data_samples\raw\PRODUCT_012_估值表_20250327.xls,CUSTODIAN_GROUP_006,Sheet1,2025-03-27,PRODUCT_012,,CUSTODIAN_006,CUSTODIAN_GROUP_006,gtja,mapping(product_id),55,腾讯控股,00700,00700.HK,HK,hk_equity,12600.0,379.58,4782698.95,476.07,5998453.02,1215754.07,11028101H00700,腾讯控股,正常交易,,
data_samples\raw\PRODUCT_012_估值表_20250327.xls,CUSTODIAN_GROUP_006,Sheet1,2025-03-27,PRODUCT_012,,CUSTODIAN_006,CUSTODIAN_GROUP_006,gtja,mapping(product_id),56,中芯国际,00981,00981.HK,HK,hk_equity,26000.0,49.84,1295940.83,47.09,1224401.23,-71539.6,11028101H00981,中芯国际,正常交易,,
data_samples\raw\PRODUCT_012_估值表_20250327.xls,CUSTODIAN_GROUP_006,Sheet1,2025-03-27,PRODUCT_012,,CUSTODIAN_006,CUSTODIAN_GROUP_006,gtja,mapping(product_id),57,五矿资源,01208,01208.HK,HK,hk_equity,92000.0,2.96,272727.15,2.65,243514.71,-29212.44,11028101H01208,五矿资源,正常交易,,
data_samples\raw\PRODUCT_012_估值表_20250327.xls,CUSTODIAN_GROUP_006,Sheet1,2025-03-27,PRODUCT_012,,CUSTODIAN_006,CUSTODIAN_GROUP_006,gtja,mapping(product_id),58,小米集团－Ｗ,01810,01810.HK,HK,hk_equity,6800.0,43.49,295714.5,48.36,328814.07,33099.57,11028101H01810,小米集团－Ｗ,正常交易,,
data_samples\raw\PRODUCT_012_估值表_20250327.xls,CUSTODIAN_GROUP_006,Sheet1,2025-03-27,PRODUCT_012,,CUSTODIAN_006,CUSTODIAN_GROUP_006,gtja,mapping(product_id),59,安踏体育,02020,02020.HK,HK,hk_equity,22000.0,88.24,1941198.01,83.71,1841605.7,-99592.31,11028101H02020,安踏体育,正常交易,,
data_samples\raw\PRODUCT_012_估值表_20250327.xls,CUSTODIAN_GROUP_006,Sheet1,2025-03-27,PRODUCT_012,,CUSTODIAN_006,CUSTODIAN_GROUP_006,gtja,mapping(product_id),60,长城汽车,02333,02333.HK,HK,hk_equity,114500.0,14.23,1628903.83,13.47,1542122.64,-86781.19,11028101H02333,长城汽车,正常交易,,
data_samples\raw\PRODUCT_012_估值表_20250327.xls,CUSTODIAN_GROUP_006,Sheet1,2025-03-27,PRODUCT_012,,CUSTODIAN_006,CUSTODIAN_GROUP_006,gtja,mapping(product_id),61,紫金矿业,02899,02899.HK,HK,hk_equity,64000.0,17.14,1097102.39,16.67,1066690.94,-30411.45,11028101H02899,紫金矿业,正常交易,,
data_samples\raw\PRODUCT_012_估值表_20250327.xls,CUSTODIAN_GROUP_006,Sheet1,2025-03-27,PRODUCT_012,,CUSTODIAN_006,CUSTODIAN_GROUP_006,gtja,mapping(product_id),62,洛阳钼业,03993,03993.HK,HK,hk_equity,51000.0,5.78,294854.53,6.21,316729.99,21875.46,11028101H03993,洛阳钼业,正常交易,,
data_samples\raw\PRODUCT_012_估值表_20250327.xls,CUSTODIAN_GROUP_006,Sheet1,2025-03-27,PRODUCT_012,,CUSTODIAN_006,CUSTODIAN_GROUP_006,gtja,mapping(product_id),63,康方生物,09926,09926.HK,HK,hk_equity,60000.0,66.03,3961928.53,66.36,3981572.1,19643.57,11028101H09926,康方生物,正常交易,,
data_samples\raw\PRODUCT_012_估值表_20250327.xls,CUSTODIAN_GROUP_006,Sheet1,2025-03-27,PRODUCT_012,,CUSTODIAN_006,CUSTODIAN_GROUP_006,gtja,mapping(product_id),64,阿里巴巴－Ｗ,09988,09988.HK,HK,hk_equity,9200.0,110.64,1017889.93,121.68,1119479.28,101589.35,11028101H09988,阿里巴巴－Ｗ,正常交易,,
data_samples\raw\PRODUCT_012_估值表_20250327.xls,CUSTODIAN_GROUP_006,Sheet1,2025-03-27,PRODUCT_012,,CUSTODIAN_006,CUSTODIAN_GROUP_006,gtja,mapping(product_id),65,泡泡玛特,09992,09992.HK,HK,hk_equity,7000.0,114.7,802893.6,143.76,1006289.27,203395.67,11028101H09992,泡泡玛特,正常交易,,
data_samples\raw\PRODUCT_012_估值表_20250327.xls,CUSTODIAN_GROUP_006,Sheet1,2025-03-27,PRODUCT_012,,CUSTODIAN_006,CUSTODIAN_GROUP_006,gtja,mapping(product_id),81,华夏恒生科技ETF(QDII),513180,513180.SH,SH,fund_or_etf,718600.0,0.78,560508.0,0.771,554040.6,-6467.4,11050301513180,华夏恒生科技ETF(QDII),正常交易,,
data_samples\raw\XXX007_PRODUCT_007_估值表_20250327.xls,CUSTODIAN_GROUP_006,Sheet1,2025-03-27,PRODUCT_007,XXX007,CUSTODIAN_006,CUSTODIAN_GROUP_006,gtja,mapping(custodian_name_chinese),25,博迁新材,605376,605376.SH,SH,a_share,15600.0,30.23,471641.29,38.35,598260.0,126618.71,11020101605376,博迁新材,正常交易,,
data_samples\raw\XXX007_PRODUCT_007_估值表_20250327.xls,CUSTODIAN_GROUP_006,Sheet1,2025-03-27,PRODUCT_007,XXX007,CUSTODIAN_006,CUSTODIAN_GROUP_006,gtja,mapping(custodian_name_chinese),30,杰瑞股份,002353,002353.SZ,SZ,a_share,12100.0,38.74,468723.09,37.12,449152.0,-19571.09,11023101002353,杰瑞股份,正常交易,,
data_samples\raw\XXX007_PRODUCT_007_估值表_20250327.xls,CUSTODIAN_GROUP_006,Sheet1,2025-03-27,PRODUCT_007,XXX007,CUSTODIAN_006,CUSTODIAN_GROUP_006,gtja,mapping(custodian_name_chinese),31,申通快递,002468,002468.SZ,SZ,a_share,24100.0,11.03,265823.0,11.79,284139.0,18316.0,11023101002468,申通快递,正常交易,,
data_samples\raw\XXX007_PRODUCT_007_估值表_20250327.xls,CUSTODIAN_GROUP_006,Sheet1,2025-03-27,PRODUCT_007,XXX007,CUSTODIAN_006,CUSTODIAN_GROUP_006,gtja,mapping(custodian_name_chinese),37,腾讯控股,00700,00700.HK,HK,hk_equity,1700.0,477.07,811026.17,476.07,809315.09,-1711.08,11028101H00700,腾讯控股,正常交易,,
data_samples\raw\XXX007_PRODUCT_007_估值表_20250327.xls,CUSTODIAN_GROUP_006,Sheet1,2025-03-27,PRODUCT_007,XXX007,CUSTODIAN_006,CUSTODIAN_GROUP_006,gtja,mapping(custodian_name_chinese),38,安踏体育,02020,02020.HK,HK,hk_equity,800.0,91.24,72988.76,83.71,66967.48,-6021.28,11028101H02020,安踏体育,正常交易,,
data_samples\raw\XXX007_PRODUCT_007_估值表_20250327.xls,CUSTODIAN_GROUP_006,Sheet1,2025-03-27,PRODUCT_007,XXX007,CUSTODIAN_006,CUSTODIAN_GROUP_006,gtja,mapping(custodian_name_chinese),39,长城汽车,02333,02333.HK,HK,hk_equity,52000.0,14.55,756698.86,13.47,700352.64,-56346.22,11028101H02333,长城汽车,正常交易,,
data_samples\raw\XXX007_PRODUCT_007_估值表_20250327.xls,CUSTODIAN_GROUP_006,Sheet1,2025-03-27,PRODUCT_007,XXX007,CUSTODIAN_006,CUSTODIAN_GROUP_006,gtja,mapping(custodian_name_chinese),40,京东健康,06618,06618.HK,HK,hk_equity,42750.0,31.6,1350791.6,31.43,1343464.92,-7326.68,11028101H06618,京东健康,正常交易,,
data_samples\raw\XXX007_PRODUCT_007_估值表_20250327.xls,CUSTODIAN_GROUP_006,Sheet1,2025-03-27,PRODUCT_007,XXX007,CUSTODIAN_006,CUSTODIAN_GROUP_006,gtja,mapping(custodian_name_chinese),41,阿里巴巴－Ｗ,09988,09988.HK,HK,hk_equity,8700.0,121.69,1058661.27,121.68,1058638.01,-23.26,11028101H09988,阿里巴巴－Ｗ,正常交易,,
data_samples\raw\XXX007_PRODUCT_007_估值表_20250327.xls,CUSTODIAN_GROUP_006,Sheet1,2025-03-27,PRODUCT_007,XXX007,CUSTODIAN_006,CUSTODIAN_GROUP_006,gtja,mapping(custodian_name_chinese),50,嘉和美康,688246,688246.SH,SH,a_share,10501.0,42.0,441042.0,32.59,342227.59,-98814.41,1102C101688246,嘉和美康,正常交易,,
data_samples\raw\XXX007_PRODUCT_007_估值表_20250327.xls,CUSTODIAN_GROUP_006,Sheet1,2025-03-27,PRODUCT_007,XXX007,CUSTODIAN_006,CUSTODIAN_GROUP_006,gtja,mapping(custodian_name_chinese),51,骄成超声,688392,688392.SH,SH,a_share,7790.0,46.98,366001.67,49.19,383190.1,17188.43,1102C101688392,骄成超声,正常交易,,
data_samples\raw\XXX007_PRODUCT_007_估值表_20250327.xls,CUSTODIAN_GROUP_006,Sheet1,2025-03-27,PRODUCT_007,XXX007,CUSTODIAN_006,CUSTODIAN_GROUP_006,gtja,mapping(custodian_name_chinese),52,海泰新光,688677,688677.SH,SH,a_share,11694.0,39.5,461900.99,38.92,455130.48,-6770.51,1102C101688677,海泰新光,正常交易,,
data_samples\raw\估值表_PRODUCT_021_20250327.xls,CUSTODIAN_GROUP_005,Sheet1,2025-03-27,PRODUCT_021,,CUSTODIAN_005,CUSTODIAN_GROUP_005,csc,mapping(product_id),26,万华化学,600309,600309.SH,SH,a_share,3300.0,68.3,225385.0,68.53,226149.0,764.0,11020101600309,万华化学,正常交易,,
data_samples\raw\估值表_PRODUCT_021_20250327.xls,CUSTODIAN_GROUP_005,Sheet1,2025-03-27,PRODUCT_021,,CUSTODIAN_005,CUSTODIAN_GROUP_005,csc,mapping(product_id),27,赛轮轮胎,601058,601058.SH,SH,a_share,7400.0,15.6,115419.83,14.81,109594.0,-5825.83,11020101601058,赛轮轮胎,正常交易,,
data_samples\raw\估值表_PRODUCT_021_20250327.xls,CUSTODIAN_GROUP_005,Sheet1,2025-03-27,PRODUCT_021,,CUSTODIAN_005,CUSTODIAN_GROUP_005,csc,mapping(product_id),28,赛力斯,601127,601127.SH,SH,a_share,1100.0,127.69,140457.75,126.9,139590.0,-867.75,11020101601127,赛力斯,正常交易,,
data_samples\raw\估值表_PRODUCT_021_20250327.xls,CUSTODIAN_GROUP_005,Sheet1,2025-03-27,PRODUCT_021,,CUSTODIAN_005,CUSTODIAN_GROUP_005,csc,mapping(product_id),29,洛阳钼业,603993,603993.SH,SH,a_share,28300.0,8.05,227815.0,7.79,220457.0,-7358.0,11020101603993,洛阳钼业,正常交易,,
data_samples\raw\估值表_PRODUCT_021_20250327.xls,CUSTODIAN_GROUP_005,Sheet1,2025-03-27,PRODUCT_021,,CUSTODIAN_005,CUSTODIAN_GROUP_005,csc,mapping(product_id),30,博迁新材,605376,605376.SH,SH,a_share,67800.0,32.76,2220856.0,38.35,2600130.0,379274.0,11020101605376,博迁新材,正常交易,,
data_samples\raw\估值表_PRODUCT_021_20250327.xls,CUSTODIAN_GROUP_005,Sheet1,2025-03-27,PRODUCT_021,,CUSTODIAN_005,CUSTODIAN_GROUP_005,csc,mapping(product_id),34,美的集团,000333,000333.SZ,SZ,a_share,9000.0,75.84,682580.0,76.5,688500.0,5920.0,11023101000333,美的集团,正常交易,,
data_samples\raw\估值表_PRODUCT_021_20250327.xls,CUSTODIAN_GROUP_005,Sheet1,2025-03-27,PRODUCT_021,,CUSTODIAN_005,CUSTODIAN_GROUP_005,csc,mapping(product_id),35,申通快递,002468,002468.SZ,SZ,a_share,86300.0,11.55,996742.47,11.79,1017477.0,20734.53,11023101002468,申通快递,正常交易,,
data_samples\raw\估值表_PRODUCT_021_20250327.xls,CUSTODIAN_GROUP_005,Sheet1,2025-03-27,PRODUCT_021,,CUSTODIAN_005,CUSTODIAN_GROUP_005,csc,mapping(product_id),36,立讯精密,002475,002475.SZ,SZ,a_share,17200.0,39.24,674949.84,40.78,701416.0,26466.16,11023101002475,立讯精密,正常交易,,
data_samples\raw\估值表_PRODUCT_021_20250327.xls,CUSTODIAN_GROUP_005,Sheet1,2025-03-27,PRODUCT_021,,CUSTODIAN_005,CUSTODIAN_GROUP_005,csc,mapping(product_id),40,腾讯控股,00700,00700.HK,HK,hk_equity,5500.0,384.78,2116314.08,476.07,2618372.35,502058.27,11028101H00700,腾讯控股,正常交易,,
data_samples\raw\估值表_PRODUCT_021_20250327.xls,CUSTODIAN_GROUP_005,Sheet1,2025-03-27,PRODUCT_021,,CUSTODIAN_005,CUSTODIAN_GROUP_005,csc,mapping(product_id),41,中芯国际,00981,00981.HK,HK,hk_equity,11000.0,49.82,548065.37,47.09,518015.91,-30049.46,11028101H00981,中芯国际,正常交易,,
data_samples\raw\估值表_PRODUCT_021_20250327.xls,CUSTODIAN_GROUP_005,Sheet1,2025-03-27,PRODUCT_021,,CUSTODIAN_005,CUSTODIAN_GROUP_005,csc,mapping(product_id),42,五矿资源,01208,01208.HK,HK,hk_equity,36000.0,2.96,106719.32,2.65,95288.36,-11430.96,11028101H01208,五矿资源,正常交易,,
data_samples\raw\估值表_PRODUCT_021_20250327.xls,CUSTODIAN_GROUP_005,Sheet1,2025-03-27,PRODUCT_021,,CUSTODIAN_005,CUSTODIAN_GROUP_005,csc,mapping(product_id),43,小米集团－Ｗ,01810,01810.HK,HK,hk_equity,4800.0,42.83,205598.22,48.36,232104.05,26505.83,11028101H01810,小米集团－Ｗ,正常交易,,
data_samples\raw\估值表_PRODUCT_021_20250327.xls,CUSTODIAN_GROUP_005,Sheet1,2025-03-27,PRODUCT_021,,CUSTODIAN_005,CUSTODIAN_GROUP_005,csc,mapping(product_id),44,安踏体育,02020,02020.HK,HK,hk_equity,8400.0,87.89,738240.36,83.71,703158.54,-35081.82,11028101H02020,安踏体育,正常交易,,
data_samples\raw\估值表_PRODUCT_021_20250327.xls,CUSTODIAN_GROUP_005,Sheet1,2025-03-27,PRODUCT_021,,CUSTODIAN_005,CUSTODIAN_GROUP_005,csc,mapping(product_id),45,长城汽车,02333,02333.HK,HK,hk_equity,44000.0,14.26,627361.17,13.47,592606.08,-34755.09,11028101H02333,长城汽车,正常交易,,
data_samples\raw\估值表_PRODUCT_021_20250327.xls,CUSTODIAN_GROUP_005,Sheet1,2025-03-27,PRODUCT_021,,CUSTODIAN_005,CUSTODIAN_GROUP_005,csc,mapping(product_id),46,紫金矿业,02899,02899.HK,HK,hk_equity,24000.0,17.14,411464.85,16.67,400009.1,-11455.75,11028101H02899,紫金矿业,正常交易,,
data_samples\raw\估值表_PRODUCT_021_20250327.xls,CUSTODIAN_GROUP_005,Sheet1,2025-03-27,PRODUCT_021,,CUSTODIAN_005,CUSTODIAN_GROUP_005,csc,mapping(product_id),47,洛阳钼业,03993,03993.HK,HK,hk_equity,21000.0,5.77,121157.18,6.21,130418.23,9261.05,11028101H03993,洛阳钼业,正常交易,,
data_samples\raw\估值表_PRODUCT_021_20250327.xls,CUSTODIAN_GROUP_005,Sheet1,2025-03-27,PRODUCT_021,,CUSTODIAN_005,CUSTODIAN_GROUP_005,csc,mapping(product_id),48,康方生物,09926,09926.HK,HK,hk_equity,23000.0,66.34,1525920.36,66.36,1526269.31,348.95,11028101H09926,康方生物,正常交易,,
data_samples\raw\估值表_PRODUCT_021_20250327.xls,CUSTODIAN_GROUP_005,Sheet1,2025-03-27,PRODUCT_021,,CUSTODIAN_005,CUSTODIAN_GROUP_005,csc,mapping(product_id),49,阿里巴巴－Ｗ,09988,09988.HK,HK,hk_equity,4400.0,110.29,485285.69,121.68,535403.13,50117.44,11028101H09988,阿里巴巴－Ｗ,正常交易,,
data_samples\raw\估值表_PRODUCT_021_20250327.xls,CUSTODIAN_GROUP_005,Sheet1,2025-03-27,PRODUCT_021,,CUSTODIAN_005,CUSTODIAN_GROUP_005,csc,mapping(product_id),50,泡泡玛特,09992,09992.HK,HK,hk_equity,400.0,111.46,44584.18,143.76,57502.24,12918.06,11028101H09992,泡泡玛特,正常交易,,
data_samples\raw\估值表_PRODUCT_021_20250327.xls,CUSTODIAN_GROUP_005,Sheet1,2025-03-27,PRODUCT_021,,CUSTODIAN_005,CUSTODIAN_GROUP_005,csc,mapping(product_id),55,恒指科技,513180,513180.SH,SH,fund_or_etf,291500.0,0.78,227370.0,0.771,224746.5,-2623.5,11050301513180,恒指科技,正常交易,,
data_samples\raw\证券投资基金估值表_PRODUCT_023_2025-03-27.xlsx,CUSTODIAN_GROUP_008,Sheet1,2025-03-27,PRODUCT_023,,CUSTODIAN_008,CUSTODIAN_GROUP_008,greatwall,mapping(product_id),23,金风科技,02208,02208.HK,HK,hk_equity,151000.0,5.15,777364.82,5.04,761231.32,-16133.5,11028101H02208,金风科技,正常交易,,
data_samples\raw\证券投资基金估值表_PRODUCT_023_2025-03-27.xlsx,CUSTODIAN_GROUP_008,Sheet1,2025-03-27,PRODUCT_023,,CUSTODIAN_008,CUSTODIAN_GROUP_008,greatwall,mapping(product_id),24,长城汽车,02333,02333.HK,HK,hk_equity,93500.0,12.68,1185224.45,13.47,1259287.92,74063.47,11028101H02333,长城汽车,正常交易,,
