source_file,broker,valuation_date,raw_row_index,subject_code,subject_name,quantity,cost,market_value,pnl,review_reason
data_samples/raw/2025-03-27_PRODUCT_001估值表.xlsx,CUSTODIAN_GROUP_007,2025-03-27,6,10020101,银行结算账户,0.0,786526.32,786526.32,0.0,叶子行存在市价但缺少数量
data_samples/raw/2025-03-27_PRODUCT_001估值表.xlsx,CUSTODIAN_GROUP_007,2025-03-27,9,10020601000001,应计活期存款利息,0.0,868.34,868.34,0.0,叶子行存在市价但缺少数量
data_samples/raw/2025-03-27_PRODUCT_001估值表.xlsx,CUSTODIAN_GROUP_007,2025-03-27,12,10211354,东证期货,0.0,290566.99,290566.99,0.0,叶子行存在市价但缺少数量
data_samples/raw/2025-03-27_PRODUCT_001估值表.xlsx,CUSTODIAN_GROUP_007,2025-03-27,15,103106G5,国联证券,0.0,5899041.59,5899041.59,0.0,叶子行存在市价但缺少数量
data_samples/raw/2025-03-27_PRODUCT_001估值表.xlsx,CUSTODIAN_GROUP_007,2025-03-27,17,10313205,中信证券-EQSWAP,0.0,8027718.96,8027718.96,0.0,叶子行存在市价但缺少数量
data_samples/raw/2025-03-27_PRODUCT_001估值表.xlsx,CUSTODIAN_GROUP_007,2025-03-27,18,10313210,中金跨境,0.0,480000.0,480000.0,0.0,叶子行存在市价但缺少数量
data_samples/raw/2025-03-27_PRODUCT_001估值表.xlsx,CUSTODIAN_GROUP_007,2025-03-27,21,103173020000G5,国联证券,0.0,83.99,83.99,0.0,叶子行存在市价但缺少数量
data_samples/raw/2025-03-27_PRODUCT_001估值表.xlsx,CUSTODIAN_GROUP_007,2025-03-27,28,11020199,上交所A股估值增值,0.0,-37908.22,-37908.22,0.0,估值增值汇总行，通常不作为持仓叶子
data_samples/raw/2025-03-27_PRODUCT_001估值表.xlsx,CUSTODIAN_GROUP_007,2025-03-27,36,11023199,深交所A股估值增值,0.0,303592.44,303592.44,0.0,估值增值汇总行，通常不作为持仓叶子
data_samples/raw/2025-03-27_PRODUCT_001估值表.xlsx,CUSTODIAN_GROUP_007,2025-03-27,40,11024199,深交所A股估值增值_创业板,0.0,4729.0,4729.0,0.0,估值增值汇总行，通常不作为持仓叶子
data_samples/raw/2025-03-27_PRODUCT_001估值表.xlsx,CUSTODIAN_GROUP_007,2025-03-27,51,11028199,沪港通股票估增,0.0,1198715.79,1198715.79,0.0,估值增值汇总行，通常不作为持仓叶子
data_samples/raw/2025-03-27_PRODUCT_001估值表.xlsx,CUSTODIAN_GROUP_007,2025-03-27,55,1102A199,存托凭证估值增值_上交所,0.0,858650.9,858650.9,0.0,估值增值汇总行，通常不作为持仓叶子
data_samples/raw/2025-03-27_PRODUCT_001估值表.xlsx,CUSTODIAN_GROUP_007,2025-03-27,59,1102C199,股票估值增值_上交所_科创板,0.0,137316.08,137316.08,0.0,估值增值汇总行，通常不作为持仓叶子
data_samples/raw/2025-03-27_PRODUCT_001估值表.xlsx,CUSTODIAN_GROUP_007,2025-03-27,62,22060103,C类应付基金管理费,0.0,3306.1,3306.1,0.0,叶子行存在市价但缺少数量
data_samples/raw/2025-03-27_PRODUCT_001估值表.xlsx,CUSTODIAN_GROUP_007,2025-03-27,64,220701,应付托管费,0.0,2028.75,2028.75,0.0,叶子行存在市价但缺少数量
data_samples/raw/2025-03-27_PRODUCT_001估值表.xlsx,CUSTODIAN_GROUP_007,2025-03-27,68,220904G5021509,21509,0.0,419.38,419.38,0.0,叶子行存在市价但缺少数量
data_samples/raw/2025-03-27_PRODUCT_001估值表.xlsx,CUSTODIAN_GROUP_007,2025-03-27,70,221401,应付外包服务费,0.0,2028.75,2028.75,0.0,叶子行存在市价但缺少数量
data_samples/raw/2025-03-27_PRODUCT_001估值表.xlsx,CUSTODIAN_GROUP_007,2025-03-27,73,22210502,应交税费-应交增值税-金融商品转让销项税,0.0,16331.65,16331.65,0.0,叶子行存在市价但缺少数量
data_samples/raw/2025-03-27_PRODUCT_001估值表.xlsx,CUSTODIAN_GROUP_007,2025-03-27,74,222106,应交税费-暂估增值税,0.0,111930.94,111930.94,0.0,叶子行存在市价但缺少数量
data_samples/raw/2025-03-27_PRODUCT_001估值表.xlsx,CUSTODIAN_GROUP_007,2025-03-27,76,22210701,城市维护建设税,0.0,1143.22,1143.22,0.0,叶子行存在市价但缺少数量
data_samples/raw/2025-03-27_PRODUCT_001估值表.xlsx,CUSTODIAN_GROUP_007,2025-03-27,77,22210702,教育费附加,0.0,489.95,489.95,0.0,叶子行存在市价但缺少数量
data_samples/raw/2025-03-27_PRODUCT_001估值表.xlsx,CUSTODIAN_GROUP_007,2025-03-27,78,22210703,地方教育附加,0.0,326.63,326.63,0.0,叶子行存在市价但缺少数量
data_samples/raw/2025-03-27_PRODUCT_001估值表.xlsx,CUSTODIAN_GROUP_007,2025-03-27,80,22210801,城市维护建设税,0.0,7835.17,7835.17,0.0,叶子行存在市价但缺少数量
data_samples/raw/2025-03-27_PRODUCT_001估值表.xlsx,CUSTODIAN_GROUP_007,2025-03-27,81,22210802,教育费附加,0.0,3357.93,3357.93,0.0,叶子行存在市价但缺少数量
data_samples/raw/2025-03-27_PRODUCT_001估值表.xlsx,CUSTODIAN_GROUP_007,2025-03-27,82,22210803,地方教育附加,0.0,2238.62,2238.62,0.0,叶子行存在市价但缺少数量
data_samples/raw/2025-03-27_PRODUCT_001估值表.xlsx,CUSTODIAN_GROUP_007,2025-03-27,86,300324010000G5,国联证券,0.0,-524813.28,-524813.28,0.0,叶子行存在市价但缺少数量
data_samples/raw/2025-03-27_PRODUCT_001估值表.xlsx,CUSTODIAN_GROUP_007,2025-03-27,87,3102,衍生工具,0.0,1377866.32,1377866.32,0.0,衍生工具科目，需单独建模或排除
data_samples/raw/2025-03-27_PRODUCT_001估值表.xlsx,CUSTODIAN_GROUP_007,2025-03-27,88,3102C1,场外衍生品_收益互换,0.0,1377866.32,1377866.32,0.0,衍生工具科目，需单独建模或排除
data_samples/raw/2025-03-27_PRODUCT_001估值表.xlsx,CUSTODIAN_GROUP_007,2025-03-27,89,3102C199,衍生工具_收益互换_公允价值变动,0.0,1377866.32,1377866.32,0.0,衍生工具科目，需单独建模或排除
data_samples/raw/2025-03-27_PRODUCT_001估值表.xlsx,CUSTODIAN_GROUP_007,2025-03-27,90,3102C199000001,中信证券-USD-EQ,0.0,1285739.58,1285739.58,0.0,衍生工具科目，需单独建模或排除
data_samples/raw/2025-03-27_PRODUCT_001估值表.xlsx,CUSTODIAN_GROUP_007,2025-03-27,91,3102C199000003,中信证券-HKD-EQ,0.0,5767.08,5767.08,0.0,衍生工具科目，需单独建模或排除
data_samples/raw/2025-03-27_PRODUCT_001估值表.xlsx,CUSTODIAN_GROUP_007,2025-03-27,92,3102C199000005,中信证券-EQSWAP,0.0,3868.76,3868.76,0.0,衍生工具科目，需单独建模或排除
data_samples/raw/2025-03-27_PRODUCT_001估值表.xlsx,CUSTODIAN_GROUP_007,2025-03-27,93,3102C199000006,中信证券-USD-HYCNHC,0.0,46535.52,46535.52,0.0,衍生工具科目，需单独建模或排除
data_samples/raw/2025-03-27_PRODUCT_001估值表.xlsx,CUSTODIAN_GROUP_007,2025-03-27,94,3102C199000008,中信证券--HKD--EQ_HYCNHC估增,0.0,44473.53,44473.53,0.0,衍生工具科目，需单独建模或排除
data_samples/raw/2025-03-27_PRODUCT_001估值表.xlsx,CUSTODIAN_GROUP_007,2025-03-27,95,3102C199000010,中金跨境,0.0,-8518.15,-8518.15,0.0,衍生工具科目，需单独建模或排除
data_samples/raw/20250327_PRODUCT_002_证券投资基金估值表.csv,CUSTODIAN_GROUP_001,2025-03-27,47,11020199,上交所A股估值增值,,-5698723.06,-5698723.06,,估值增值汇总行，通常不作为持仓叶子
data_samples/raw/20250327_PRODUCT_002_证券投资基金估值表.csv,CUSTODIAN_GROUP_001,2025-03-27,60,11023199,深交所A股估值增值,,-10544664.05,-10544664.05,,估值增值汇总行，通常不作为持仓叶子
data_samples/raw/20250327_PRODUCT_002_证券投资基金估值表.csv,CUSTODIAN_GROUP_001,2025-03-27,74,11028199,股票估值增值_港股通,,42247307.65,42247307.65,,估值增值汇总行，通常不作为持仓叶子
data_samples/raw/20250327_PRODUCT_002_证券投资基金估值表.csv,CUSTODIAN_GROUP_001,2025-03-27,84,1102C199,股票估值增值_上交所_科创板,,141290.02,141290.02,,估值增值汇总行，通常不作为持仓叶子
data_samples/raw/20250327_PRODUCT_002_证券投资基金估值表.csv,CUSTODIAN_GROUP_001,2025-03-27,108,3102,衍生工具,,8740150.74,-2414904.2,-11155054.94,衍生工具科目，需单独建模或排除
data_samples/raw/20250327_PRODUCT_002_证券投资基金估值表.csv,CUSTODIAN_GROUP_001,2025-03-27,109,3102A1,场外指数期权_权利方,,8740150.74,5547181.2,-3192969.54,衍生工具科目，需单独建模或排除
data_samples/raw/20250327_PRODUCT_002_证券投资基金估值表.csv,CUSTODIAN_GROUP_001,2025-03-27,110,3102A101,衍生工具_场外指数期权初始合约价值_权利方,,108020345.31,108020345.31,,衍生工具科目，需单独建模或排除
data_samples/raw/20250327_PRODUCT_002_证券投资基金估值表.csv,CUSTODIAN_GROUP_001,2025-03-27,111,3102A101000002,中信证券20221024@场外期权,,6489421.42,6489421.42,,衍生工具科目，需单独建模或排除
data_samples/raw/20250327_PRODUCT_002_证券投资基金估值表.csv,CUSTODIAN_GROUP_001,2025-03-27,112,3102A101000003,国君证券OP-020039,,42854060.45,42854060.45,,衍生工具科目，需单独建模或排除
data_samples/raw/20250327_PRODUCT_002_证券投资基金估值表.csv,CUSTODIAN_GROUP_001,2025-03-27,113,3102A101000004,申万宏源OP-2177001,,43676863.44,43676863.44,,衍生工具科目，需单独建模或排除
data_samples/raw/20250327_PRODUCT_002_证券投资基金估值表.csv,CUSTODIAN_GROUP_001,2025-03-27,114,3102A101000005,中金场外期权-938001,,15000000.0,15000000.0,,衍生工具科目，需单独建模或排除
data_samples/raw/20250327_PRODUCT_002_证券投资基金估值表.csv,CUSTODIAN_GROUP_001,2025-03-27,115,3102A102,衍生工具_场外指数期权冲销初始合约价值_权利方,,-108020345.31,-108020345.31,,衍生工具科目，需单独建模或排除
data_samples/raw/20250327_PRODUCT_002_证券投资基金估值表.csv,CUSTODIAN_GROUP_001,2025-03-27,116,3102A102000002,中信证券20221024@场外期权,,-6489421.42,-6489421.42,,衍生工具科目，需单独建模或排除
data_samples/raw/20250327_PRODUCT_002_证券投资基金估值表.csv,CUSTODIAN_GROUP_001,2025-03-27,117,3102A102000003,国君证券OP-020039,,-42854060.45,-42854060.45,,衍生工具科目，需单独建模或排除
data_samples/raw/20250327_PRODUCT_002_证券投资基金估值表.csv,CUSTODIAN_GROUP_001,2025-03-27,118,3102A102000004,申万宏源OP-2177001,,-43676863.44,-43676863.44,,衍生工具科目，需单独建模或排除
data_samples/raw/20250327_PRODUCT_002_证券投资基金估值表.csv,CUSTODIAN_GROUP_001,2025-03-27,119,3102A102000005,中金场外期权-938001,,-15000000.0,-15000000.0,,衍生工具科目，需单独建模或排除
data_samples/raw/20250327_PRODUCT_002_证券投资基金估值表.csv,CUSTODIAN_GROUP_001,2025-03-27,120,3102A103,衍生工具_场外指数期权成本_权利方,,8740150.74,5547181.2,-3192969.54,衍生工具科目，需单独建模或排除
data_samples/raw/20250327_PRODUCT_002_证券投资基金估值表.csv,CUSTODIAN_GROUP_001,2025-03-27,121,3102A103000003,国君证券OP-020039,,4430050.74,8455987.91,4025937.17,衍生工具科目，需单独建模或排除
data_samples/raw/20250327_PRODUCT_002_证券投资基金估值表.csv,CUSTODIAN_GROUP_001,2025-03-27,122,3102A103000004,申万宏源OP-2177001,,1935100.0,-5866679.69,-7801779.69,衍生工具科目，需单独建模或排除
data_samples/raw/20250327_PRODUCT_002_证券投资基金估值表.csv,CUSTODIAN_GROUP_001,2025-03-27,123,3102A103000005,中金场外期权-938001,,2375000.0,1846362.62,-528637.38,衍生工具科目，需单独建模或排除
data_samples/raw/20250327_PRODUCT_002_证券投资基金估值表.csv,CUSTODIAN_GROUP_001,2025-03-27,124,3102A199,衍生工具_场外指数期权成本_权利方_估值增值,,-3192969.54,-3192969.54,,衍生工具科目，需单独建模或排除
data_samples/raw/20250327_PRODUCT_002_证券投资基金估值表.csv,CUSTODIAN_GROUP_001,2025-03-27,125,3102A199000002,中信证券20221024@场外期权,,1111510.36,1111510.36,,衍生工具科目，需单独建模或排除
data_samples/raw/20250327_PRODUCT_002_证券投资基金估值表.csv,CUSTODIAN_GROUP_001,2025-03-27,126,3102A199000003,国君证券OP-020039,,4025937.17,4025937.17,,衍生工具科目，需单独建模或排除
data_samples/raw/20250327_PRODUCT_002_证券投资基金估值表.csv,CUSTODIAN_GROUP_001,2025-03-27,127,3102A199000004,申万宏源OP-2177001,,-7801779.69,-7801779.69,,衍生工具科目，需单独建模或排除
data_samples/raw/20250327_PRODUCT_002_证券投资基金估值表.csv,CUSTODIAN_GROUP_001,2025-03-27,128,3102A199000005,中金场外期权-938001,,-528637.38,-528637.38,,衍生工具科目，需单独建模或排除
data_samples/raw/20250327_PRODUCT_002_证券投资基金估值表.csv,CUSTODIAN_GROUP_001,2025-03-27,129,3102C1,收益互换,,,-7962085.4,-7962085.4,衍生工具科目，需单独建模或排除
data_samples/raw/20250327_PRODUCT_002_证券投资基金估值表.csv,CUSTODIAN_GROUP_001,2025-03-27,130,3102C101,初始合约价值,,103367038.95,95404953.55,-7962085.4,衍生工具科目，需单独建模或排除
data_samples/raw/20250327_PRODUCT_002_证券投资基金估值表.csv,CUSTODIAN_GROUP_001,2025-03-27,131,3102C101000009,中信收益互换ZXSAC-107352,,84291698.28,84333641.01,41942.73,衍生工具科目，需单独建模或排除
data_samples/raw/20250327_PRODUCT_002_证券投资基金估值表.csv,CUSTODIAN_GROUP_001,2025-03-27,132,3102C101000265,华泰收益互换HTSC-21078-HKD,,19075340.67,7724101.7,-11351238.97,衍生工具科目，需单独建模或排除
data_samples/raw/20250327_PRODUCT_002_证券投资基金估值表.csv,CUSTODIAN_GROUP_001,2025-03-27,133,3102C102,冲抵初始合约价值,,-103367038.95,-103367038.95,,衍生工具科目，需单独建模或排除
data_samples/raw/20250327_PRODUCT_002_证券投资基金估值表.csv,CUSTODIAN_GROUP_001,2025-03-27,134,3102C102000009,中信收益互换ZXSAC-107352,,-84291698.28,-84291698.28,,衍生工具科目，需单独建模或排除
data_samples/raw/20250327_PRODUCT_002_证券投资基金估值表.csv,CUSTODIAN_GROUP_001,2025-03-27,135,3102C102000265,华泰收益互换HTSC-21078-HKD,,-19075340.67,-19075340.67,,衍生工具科目，需单独建模或排除
data_samples/raw/20250327_PRODUCT_002_证券投资基金估值表.csv,CUSTODIAN_GROUP_001,2025-03-27,136,3102C199,公允价值变动,,-7962085.4,-7962085.4,,衍生工具科目，需单独建模或排除
data_samples/raw/20250327_PRODUCT_002_证券投资基金估值表.csv,CUSTODIAN_GROUP_001,2025-03-27,137,3102C199000008,收益互换SAC-107352-HKD,,-8612377.91,-8612377.91,,衍生工具科目，需单独建模或排除
data_samples/raw/20250327_PRODUCT_002_证券投资基金估值表.csv,CUSTODIAN_GROUP_001,2025-03-27,138,3102C199000009,中信收益互换ZXSAC-107352,,41942.73,41942.73,,衍生工具科目，需单独建模或排除
data_samples/raw/20250327_PRODUCT_002_证券投资基金估值表.csv,CUSTODIAN_GROUP_001,2025-03-27,139,3102C199000263,收益互换ZXSAC-107352-USD,,11959588.75,11959588.75,,衍生工具科目，需单独建模或排除
data_samples/raw/20250327_PRODUCT_002_证券投资基金估值表.csv,CUSTODIAN_GROUP_001,2025-03-27,140,3102C199000265,华泰收益互换HTSC-21078-HKD,,-11351238.97,-11351238.97,,衍生工具科目，需单独建模或排除
data_samples/raw/20250327_PRODUCT_002_证券投资基金估值表.xls,CUSTODIAN_GROUP_001,2025-03-27,47,11020199,上交所A股估值增值,,-5698723.06,-5698723.06,,估值增值汇总行，通常不作为持仓叶子
data_samples/raw/20250327_PRODUCT_002_证券投资基金估值表.xls,CUSTODIAN_GROUP_001,2025-03-27,60,11023199,深交所A股估值增值,,-10544664.05,-10544664.05,,估值增值汇总行，通常不作为持仓叶子
data_samples/raw/20250327_PRODUCT_002_证券投资基金估值表.xls,CUSTODIAN_GROUP_001,2025-03-27,74,11028199,股票估值增值_港股通,,42247307.65,42247307.65,,估值增值汇总行，通常不作为持仓叶子
data_samples/raw/20250327_PRODUCT_002_证券投资基金估值表.xls,CUSTODIAN_GROUP_001,2025-03-27,84,1102C199,股票估值增值_上交所_科创板,,141290.02,141290.02,,估值增值汇总行，通常不作为持仓叶子
data_samples/raw/20250327_PRODUCT_002_证券投资基金估值表.xls,CUSTODIAN_GROUP_001,2025-03-27,108,3102,衍生工具,,8740150.74,-2414904.2,-11155054.94,衍生工具科目，需单独建模或排除
data_samples/raw/20250327_PRODUCT_002_证券投资基金估值表.xls,CUSTODIAN_GROUP_001,2025-03-27,109,3102A1,场外指数期权_权利方,,8740150.74,5547181.2,-3192969.54,衍生工具科目，需单独建模或排除
data_samples/raw/20250327_PRODUCT_002_证券投资基金估值表.xls,CUSTODIAN_GROUP_001,2025-03-27,110,3102A101,衍生工具_场外指数期权初始合约价值_权利方,,108020345.31,108020345.31,,衍生工具科目，需单独建模或排除
data_samples/raw/20250327_PRODUCT_002_证券投资基金估值表.xls,CUSTODIAN_GROUP_001,2025-03-27,111,3102A101000002,中信证券20221024@场外期权,,6489421.42,6489421.42,,衍生工具科目，需单独建模或排除
data_samples/raw/20250327_PRODUCT_002_证券投资基金估值表.xls,CUSTODIAN_GROUP_001,2025-03-27,112,3102A101000003,国君证券OP-020039,,42854060.45,42854060.45,,衍生工具科目，需单独建模或排除
data_samples/raw/20250327_PRODUCT_002_证券投资基金估值表.xls,CUSTODIAN_GROUP_001,2025-03-27,113,3102A101000004,申万宏源OP-2177001,,43676863.44,43676863.44,,衍生工具科目，需单独建模或排除
data_samples/raw/20250327_PRODUCT_002_证券投资基金估值表.xls,CUSTODIAN_GROUP_001,2025-03-27,114,3102A101000005,中金场外期权-938001,,15000000.0,15000000.0,,衍生工具科目，需单独建模或排除
data_samples/raw/20250327_PRODUCT_002_证券投资基金估值表.xls,CUSTODIAN_GROUP_001,2025-03-27,115,3102A102,衍生工具_场外指数期权冲销初始合约价值_权利方,,-108020345.31,-108020345.31,,衍生工具科目，需单独建模或排除
data_samples/raw/20250327_PRODUCT_002_证券投资基金估值表.xls,CUSTODIAN_GROUP_001,2025-03-27,116,3102A102000002,中信证券20221024@场外期权,,-6489421.42,-6489421.42,,衍生工具科目，需单独建模或排除
data_samples/raw/20250327_PRODUCT_002_证券投资基金估值表.xls,CUSTODIAN_GROUP_001,2025-03-27,117,3102A102000003,国君证券OP-020039,,-42854060.45,-42854060.45,,衍生工具科目，需单独建模或排除
data_samples/raw/20250327_PRODUCT_002_证券投资基金估值表.xls,CUSTODIAN_GROUP_001,2025-03-27,118,3102A102000004,申万宏源OP-2177001,,-43676863.44,-43676863.44,,衍生工具科目，需单独建模或排除
data_samples/raw/20250327_PRODUCT_002_证券投资基金估值表.xls,CUSTODIAN_GROUP_001,2025-03-27,119,3102A102000005,中金场外期权-938001,,-15000000.0,-15000000.0,,衍生工具科目，需单独建模或排除
data_samples/raw/20250327_PRODUCT_002_证券投资基金估值表.xls,CUSTODIAN_GROUP_001,2025-03-27,120,3102A103,衍生工具_场外指数期权成本_权利方,,8740150.74,5547181.2,-3192969.54,衍生工具科目，需单独建模或排除
data_samples/raw/20250327_PRODUCT_002_证券投资基金估值表.xls,CUSTODIAN_GROUP_001,2025-03-27,121,3102A103000003,国君证券OP-020039,,4430050.74,8455987.91,4025937.17,衍生工具科目，需单独建模或排除
data_samples/raw/20250327_PRODUCT_002_证券投资基金估值表.xls,CUSTODIAN_GROUP_001,2025-03-27,122,3102A103000004,申万宏源OP-2177001,,1935100.0,-5866679.69,-7801779.69,衍生工具科目，需单独建模或排除
data_samples/raw/20250327_PRODUCT_002_证券投资基金估值表.xls,CUSTODIAN_GROUP_001,2025-03-27,123,3102A103000005,中金场外期权-938001,,2375000.0,1846362.62,-528637.38,衍生工具科目，需单独建模或排除
data_samples/raw/20250327_PRODUCT_002_证券投资基金估值表.xls,CUSTODIAN_GROUP_001,2025-03-27,124,3102A199,衍生工具_场外指数期权成本_权利方_估值增值,,-3192969.54,-3192969.54,,衍生工具科目，需单独建模或排除
data_samples/raw/20250327_PRODUCT_002_证券投资基金估值表.xls,CUSTODIAN_GROUP_001,2025-03-27,125,3102A199000002,中信证券20221024@场外期权,,1111510.36,1111510.36,,衍生工具科目，需单独建模或排除
data_samples/raw/20250327_PRODUCT_002_证券投资基金估值表.xls,CUSTODIAN_GROUP_001,2025-03-27,126,3102A199000003,国君证券OP-020039,,4025937.17,4025937.17,,衍生工具科目，需单独建模或排除
data_samples/raw/20250327_PRODUCT_002_证券投资基金估值表.xls,CUSTODIAN_GROUP_001,2025-03-27,127,3102A199000004,申万宏源OP-2177001,,-7801779.69,-7801779.69,,衍生工具科目，需单独建模或排除
data_samples/raw/20250327_PRODUCT_002_证券投资基金估值表.xls,CUSTODIAN_GROUP_001,2025-03-27,128,3102A199000005,中金场外期权-938001,,-528637.38,-528637.38,,衍生工具科目，需单独建模或排除
data_samples/raw/20250327_PRODUCT_002_证券投资基金估值表.xls,CUSTODIAN_GROUP_001,2025-03-27,129,3102C1,收益互换,,,-7962085.4,-7962085.4,衍生工具科目，需单独建模或排除
data_samples/raw/20250327_PRODUCT_002_证券投资基金估值表.xls,CUSTODIAN_GROUP_001,2025-03-27,130,3102C101,初始合约价值,,103367038.95,95404953.55,-7962085.4,衍生工具科目，需单独建模或排除
data_samples/raw/20250327_PRODUCT_002_证券投资基金估值表.xls,CUSTODIAN_GROUP_001,2025-03-27,131,3102C101000009,中信收益互换ZXSAC-107352,,84291698.28,84333641.01,41942.73,衍生工具科目，需单独建模或排除
data_samples/raw/20250327_PRODUCT_002_证券投资基金估值表.xls,CUSTODIAN_GROUP_001,2025-03-27,132,3102C101000265,华泰收益互换HTSC-21078-HKD,,19075340.67,7724101.7,-11351238.97,衍生工具科目，需单独建模或排除
data_samples/raw/20250327_PRODUCT_002_证券投资基金估值表.xls,CUSTODIAN_GROUP_001,2025-03-27,133,3102C102,冲抵初始合约价值,,-103367038.95,-103367038.95,,衍生工具科目，需单独建模或排除
data_samples/raw/20250327_PRODUCT_002_证券投资基金估值表.xls,CUSTODIAN_GROUP_001,2025-03-27,134,3102C102000009,中信收益互换ZXSAC-107352,,-84291698.28,-84291698.28,,衍生工具科目，需单独建模或排除
data_samples/raw/20250327_PRODUCT_002_证券投资基金估值表.xls,CUSTODIAN_GROUP_001,2025-03-27,135,3102C102000265,华泰收益互换HTSC-21078-HKD,,-19075340.67,-19075340.67,,衍生工具科目，需单独建模或排除
data_samples/raw/20250327_PRODUCT_002_证券投资基金估值表.xls,CUSTODIAN_GROUP_001,2025-03-27,136,3102C199,公允价值变动,,-7962085.4,-7962085.4,,衍生工具科目，需单独建模或排除
data_samples/raw/20250327_PRODUCT_002_证券投资基金估值表.xls,CUSTODIAN_GROUP_001,2025-03-27,137,3102C199000008,收益互换SAC-107352-HKD,,-8612377.91,-8612377.91,,衍生工具科目，需单独建模或排除
data_samples/raw/20250327_PRODUCT_002_证券投资基金估值表.xls,CUSTODIAN_GROUP_001,2025-03-27,138,3102C199000009,中信收益互换ZXSAC-107352,,41942.73,41942.73,,衍生工具科目，需单独建模或排除
data_samples/raw/20250327_PRODUCT_002_证券投资基金估值表.xls,CUSTODIAN_GROUP_001,2025-03-27,139,3102C199000263,收益互换ZXSAC-107352-USD,,11959588.75,11959588.75,,衍生工具科目，需单独建模或排除
data_samples/raw/20250327_PRODUCT_002_证券投资基金估值表.xls,CUSTODIAN_GROUP_001,2025-03-27,140,3102C199000265,华泰收益互换HTSC-21078-HKD,,-11351238.97,-11351238.97,,衍生工具科目，需单独建模或排除
data_samples/raw/PRODUCT_006_资产估值表_20250327.xls,CUSTODIAN_GROUP_003,2025-03-27,115,3102,衍生工具,,,-71220.0,-71220.0,衍生工具科目，需单独建模或排除
data_samples/raw/PRODUCT_006_资产估值表_20250327.xls,CUSTODIAN_GROUP_003,2025-03-27,116,3102.03,中金所_投机_卖方_股指期货,1.0,,-71220.0,-71220.0,衍生工具科目，需单独建模或排除
data_samples/raw/PRODUCT_006_资产估值表_20250327.xls,CUSTODIAN_GROUP_003,2025-03-27,117,3102.03.01,中金所_投机_卖方_股指期货_成本,1.0,-3966180.0,-4037400.0,-71220.0,衍生工具科目，需单独建模或排除
data_samples/raw/PRODUCT_006_资产估值表_20250327.xls,CUSTODIAN_GROUP_003,2025-03-27,118,3102.03.01.IH2504 CFX,IH2504,1.0,-823020.0,-808200.0,14820.0,衍生工具科目，需单独建模或排除
data_samples/raw/PRODUCT_006_资产估值表_20250327.xls,CUSTODIAN_GROUP_003,2025-03-27,119,3102.03.01.IH2506 CFX,IH2506,1.0,-3143160.0,-3229200.0,-86040.0,衍生工具科目，需单独建模或排除
data_samples/raw/PRODUCT_006_资产估值表_20250327.xls,CUSTODIAN_GROUP_003,2025-03-27,120,3102.03.02,中金所_投机_卖方_股指期货_冲抵成本,1.0,3966180.0,3966180.0,,衍生工具科目，需单独建模或排除
data_samples/raw/PRODUCT_006_资产估值表_20250327.xls,CUSTODIAN_GROUP_003,2025-03-27,121,3102.03.02.IH2504 CFX,IH2504,1.0,823020.0,823020.0,,衍生工具科目，需单独建模或排除
data_samples/raw/PRODUCT_006_资产估值表_20250327.xls,CUSTODIAN_GROUP_003,2025-03-27,122,3102.03.02.IH2506 CFX,IH2506,1.0,3143160.0,3143160.0,,衍生工具科目，需单独建模或排除
data_samples/raw/PRODUCT_006_资产估值表_20250327.xls,CUSTODIAN_GROUP_003,2025-03-27,126,3199.01.01.120783--CNY--FC OTC,120783--CNY--FC,,,-590201.26,-590201.26,叶子行存在市价但缺少数量
data_samples/raw/PRODUCT_006_资产估值表_20250327.xls,CUSTODIAN_GROUP_003,2025-03-27,127,3199.01.01.120783--HKD--EQ OTC,120783--HKD--EQ,,,-80628.77,-80628.77,叶子行存在市价但缺少数量
data_samples/raw/PRODUCT_006_资产估值表_20250327.xls,CUSTODIAN_GROUP_003,2025-03-27,128,3199.01.01.120783--USD--EQ OTC,120783--USD--EQ,,,51121.83,51121.83,叶子行存在市价但缺少数量
data_samples/raw/PRODUCT_006_资产估值表_20250327.xls,CUSTODIAN_GROUP_003,2025-03-27,129,3199.01.01.CICC-WSC-195824-20250320-0C OTC,CICC-WSC-195824-20250320-0C,,,-2352.74,-2352.74,叶子行存在市价但缺少数量
data_samples/raw/PRODUCT_008委托资产资产估值表20250327.xls,CUSTODIAN_GROUP_002,2025-03-27,90,3102,衍生工具,,22186437.8,-17275146.16,-39461583.96,衍生工具科目，需单独建模或排除
data_samples/raw/PRODUCT_008委托资产资产估值表20250327.xls,CUSTODIAN_GROUP_002,2025-03-27,91,3102.90,其他衍生工具_场外期权,,22186437.8,20366645.97,-1819791.83,衍生工具科目，需单独建模或排除
data_samples/raw/PRODUCT_008委托资产资产估值表20250327.xls,CUSTODIAN_GROUP_002,2025-03-27,92,3102.90.01,其他衍生工具_场外期权_成本,,22186437.8,20366645.97,-1819791.83,衍生工具科目，需单独建模或排除
data_samples/raw/PRODUCT_008委托资产资产估值表20250327.xls,CUSTODIAN_GROUP_002,2025-03-27,93,3102.90.01.1HX2J044 ZC,场外期权-PRODUCT_008（中信证券）-107353_C_20241212_01_SPRING,1.0,,145432.84,145432.84,衍生工具科目，需单独建模或排除
data_samples/raw/PRODUCT_008委托资产资产估值表20250327.xls,CUSTODIAN_GROUP_002,2025-03-27,94,3102.90.01.1HX2J045 ZC,场外期权-PRODUCT_008（中信证券）-107353_C_20241231_01_RSPRING,1.0,,-5125644.63,-5125644.63,衍生工具科目，需单独建模或排除
data_samples/raw/PRODUCT_008委托资产资产估值表20250327.xls,CUSTODIAN_GROUP_002,2025-03-27,95,3102.90.01.1HX2J046 ZC,场外期权-PRODUCT_008（中信证券）-107353_C_20241231_01_SPRING,1.0,,5449082.32,5449082.32,衍生工具科目，需单独建模或排除
data_samples/raw/PRODUCT_008委托资产资产估值表20250327.xls,CUSTODIAN_GROUP_002,2025-03-27,96,3102.90.01.1HX2J047 ZC,场外期权-PRODUCT_008（中信证券）-107353_C_20250102_01_SPRING,1.0,,10675496.44,10675496.44,衍生工具科目，需单独建模或排除
data_samples/raw/PRODUCT_008委托资产资产估值表20250327.xls,CUSTODIAN_GROUP_002,2025-03-27,97,3102.90.01.1HX2J048 ZC,场外期权-PRODUCT_008（中信证券）-107353_C_20250102_01_RSPRING,1.0,,-9228496.08,-9228496.08,衍生工具科目，需单独建模或排除
data_samples/raw/PRODUCT_008委托资产资产估值表20250327.xls,CUSTODIAN_GROUP_002,2025-03-27,98,3102.90.01.1HX2J049 ZC,场外期权-PRODUCT_008（中信证券）-107353_C_20250103_01_RSPRING,1.0,,-4698359.77,-4698359.77,衍生工具科目，需单独建模或排除
data_samples/raw/PRODUCT_008委托资产资产估值表20250327.xls,CUSTODIAN_GROUP_002,2025-03-27,99,3102.90.01.1HX2J050 ZC,场外期权-PRODUCT_008（中信证券）-107353_C_20250103_01_SPRING,1.0,,5632638.61,5632638.61,衍生工具科目，需单独建模或排除
data_samples/raw/PRODUCT_008委托资产资产估值表20250327.xls,CUSTODIAN_GROUP_002,2025-03-27,100,3102.90.01.1HYBB015 ZC,场外期权-PRODUCT_008（国泰君安）-HXHY-YJ2H-NSEAB01-24070101,1.0,2618997.8,14690366.46,12071368.66,衍生工具科目，需单独建模或排除
data_samples/raw/PRODUCT_008委托资产资产估值表20250327.xls,CUSTODIAN_GROUP_002,2025-03-27,101,3102.90.01.1HYBB016 ZC,场外期权-PRODUCT_008（国泰君安）-HXHY-YJ2H-OSEAB02-24100901,1.0,3371310.0,-5384782.9,-8756092.9,衍生工具科目，需单独建模或排除
data_samples/raw/PRODUCT_008委托资产资产估值表20250327.xls,CUSTODIAN_GROUP_002,2025-03-27,102,3102.90.01.1HYBB017 ZC,场外期权-PRODUCT_008（国泰君安）-HXHY-YJ2H-OSEAB02-24112501,1.0,2648450.0,9131798.1,6483348.1,衍生工具科目，需单独建模或排除
data_samples/raw/PRODUCT_008委托资产资产估值表20250327.xls,CUSTODIAN_GROUP_002,2025-03-27,103,3102.90.01.1HYBB018 ZC,场外期权-PRODUCT_008（国泰君安）-HXHY-YJ2H-OSEAB02-24120601,1.0,3941280.0,4990674.19,1049394.19,衍生工具科目，需单独建模或排除
data_samples/raw/PRODUCT_008委托资产资产估值表20250327.xls,CUSTODIAN_GROUP_002,2025-03-27,104,3102.90.01.1HYBB019 ZC,场外期权-PRODUCT_008（国泰君安）-HXHY-YJ2H-OSEAB02-24121301,1.0,6127500.0,4203178.74,-1924321.26,衍生工具科目，需单独建模或排除
data_samples/raw/PRODUCT_008委托资产资产估值表20250327.xls,CUSTODIAN_GROUP_002,2025-03-27,105,3102.90.01.1HYBB021 ZC,场外期权-PRODUCT_008（国泰君安）-HXHY-YJ2H-ACS01-25030602,1.0,,-7258738.53,-7258738.53,衍生工具科目，需单独建模或排除
data_samples/raw/PRODUCT_008委托资产资产估值表20250327.xls,CUSTODIAN_GROUP_002,2025-03-27,106,3102.90.01.1HYBB022 ZC,场外期权-PRODUCT_008（国泰君安）-HXHY-YJ2H-ACS01-25031301,1.0,,-7770184.92,-7770184.92,衍生工具科目，需单独建模或排除
data_samples/raw/PRODUCT_008委托资产资产估值表20250327.xls,CUSTODIAN_GROUP_002,2025-03-27,107,3102.90.01.1HYBY018 ZC,场外期权-PRODUCT_008（申万宏源）-SWHY-2177002-24004,1.0,1336900.0,2046630.59,709730.59,衍生工具科目，需单独建模或排除
data_samples/raw/PRODUCT_008委托资产资产估值表20250327.xls,CUSTODIAN_GROUP_002,2025-03-27,108,3102.90.01.1HYBY019 ZC,场外期权-PRODUCT_008（申万宏源）-SWHY-2177002-24005,1.0,2142000.0,2867554.51,725554.51,衍生工具科目，需单独建模或排除
data_samples/raw/PRODUCT_008委托资产资产估值表20250327.xls,CUSTODIAN_GROUP_002,2025-03-27,109,3102.91,其他衍生工具_收益互换,,,-37641792.13,-37641792.13,衍生工具科目，需单独建模或排除
data_samples/raw/PRODUCT_008委托资产资产估值表20250327.xls,CUSTODIAN_GROUP_002,2025-03-27,110,3102.91.01,其他衍生工具_收益互换_成本,,,-37641792.13,-37641792.13,衍生工具科目，需单独建模或排除
data_samples/raw/PRODUCT_008委托资产资产估值表20250327.xls,CUSTODIAN_GROUP_002,2025-03-27,111,3102.91.01.1HX2T3 ZC,收益互换-PRODUCT_008（华泰证券）-互换交易,1.0,,-28328367.08,-28328367.08,衍生工具科目，需单独建模或排除
data_samples/raw/PRODUCT_008委托资产资产估值表20250327.xls,CUSTODIAN_GROUP_002,2025-03-27,112,3102.91.01.1HX2Y5 ZC,收益互换-PRODUCT_008（中信证券）-HKD-互换交易,1.0,,-19874368.31,-19874368.31,衍生工具科目，需单独建模或排除
data_samples/raw/PRODUCT_008委托资产资产估值表20250327.xls,CUSTODIAN_GROUP_002,2025-03-27,113,3102.91.01.1HX2Y7 ZC,收益互换-PRODUCT_008（中信证券）-USD-互换交易,1.0,,10462549.13,10462549.13,衍生工具科目，需单独建模或排除
data_samples/raw/PRODUCT_008委托资产资产估值表20250327.xls,CUSTODIAN_GROUP_002,2025-03-27,114,3102.91.01.1HX2Y9 ZC,收益互换-PRODUCT_008（中信证券）-CNY-互换交易,1.0,,98394.13,98394.13,衍生工具科目，需单独建模或排除
data_samples/raw/PRODUCT_010_证券投资基金估值表_2025-03-27.xls,CUSTODIAN_GROUP_004,2025-03-27,38,11020199,上交所A股估值增值,,-3427539.06,-3427539.06,,估值增值汇总行，通常不作为持仓叶子
data_samples/raw/PRODUCT_010_证券投资基金估值表_2025-03-27.xls,CUSTODIAN_GROUP_004,2025-03-27,45,11023199,深交所A股估值增值,,-2601873.3,-2601873.3,,估值增值汇总行，通常不作为持仓叶子
data_samples/raw/PRODUCT_010_证券投资基金估值表_2025-03-27.xls,CUSTODIAN_GROUP_004,2025-03-27,56,11028199,股票估值增值_港股通,,111912300.05,111912300.05,,估值增值汇总行，通常不作为持仓叶子
data_samples/raw/PRODUCT_010_证券投资基金估值表_2025-03-27.xls,CUSTODIAN_GROUP_004,2025-03-27,61,1102C199,股票估值增值_上交所_科创板,,10988071.02,10988071.02,,估值增值汇总行，通常不作为持仓叶子
data_samples/raw/PRODUCT_010_证券投资基金估值表_2025-03-27.xls,CUSTODIAN_GROUP_004,2025-03-27,90,3102,衍生工具,,90762360.2,90762360.2,,衍生工具科目，需单独建模或排除
data_samples/raw/PRODUCT_010_证券投资基金估值表_2025-03-27.xls,CUSTODIAN_GROUP_004,2025-03-27,91,3102C1,衍生工具_收益互换,,90762360.2,90762360.2,,衍生工具科目，需单独建模或排除
data_samples/raw/PRODUCT_010_证券投资基金估值表_2025-03-27.xls,CUSTODIAN_GROUP_004,2025-03-27,92,3102C196,衍生工具_收益互换_公允价值变动_国泰君安,,5661982.89,5661982.89,,衍生工具科目，需单独建模或排除
data_samples/raw/PRODUCT_010_证券投资基金估值表_2025-03-27.xls,CUSTODIAN_GROUP_004,2025-03-27,93,3102C197,衍生工具_收益互换_公允价值变动_华泰证券,,606891.05,606891.05,,衍生工具科目，需单独建模或排除
data_samples/raw/PRODUCT_010_证券投资基金估值表_2025-03-27.xls,CUSTODIAN_GROUP_004,2025-03-27,94,3102C198,衍生工具_收益互换_公允价值变动_中信证券,,79428754.42,79428754.42,,衍生工具科目，需单独建模或排除
data_samples/raw/PRODUCT_010_证券投资基金估值表_2025-03-27.xls,CUSTODIAN_GROUP_004,2025-03-27,95,3102C199,衍生工具_收益互换_公允价值变动_中金公司,,5064731.84,5064731.84,,衍生工具科目，需单独建模或排除
data_samples/raw/PRODUCT_012_估值表_20250327.xls,CUSTODIAN_GROUP_006,2025-03-27,38,11020199,股票估值增值_上交所,,901632.79,901632.79,,估值增值汇总行，通常不作为持仓叶子
data_samples/raw/PRODUCT_012_估值表_20250327.xls,CUSTODIAN_GROUP_006,2025-03-27,49,11023199,股票估值增值_深交所,,138493.61,138493.61,,估值增值汇总行，通常不作为持仓叶子
data_samples/raw/PRODUCT_012_估值表_20250327.xls,CUSTODIAN_GROUP_006,2025-03-27,66,11028199,股票估值增值_沪港通,,1277820.7,1277820.7,,估值增值汇总行，通常不作为持仓叶子
data_samples/raw/PRODUCT_012_估值表_20250327.xls,CUSTODIAN_GROUP_006,2025-03-27,82,11050399,ETF基金估值增值,,-6467.4,-6467.4,,估值增值汇总行，通常不作为持仓叶子
data_samples/raw/PRODUCT_012_估值表_20250327.xls,CUSTODIAN_GROUP_006,2025-03-27,108,3102,衍生工具,,-159820.08,-365405.16,-205585.08,衍生工具科目，需单独建模或排除
data_samples/raw/PRODUCT_012_估值表_20250327.xls,CUSTODIAN_GROUP_006,2025-03-27,109,3102A2,场外期权,,,-205585.08,-205585.08,衍生工具科目，需单独建模或排除
data_samples/raw/PRODUCT_012_估值表_20250327.xls,CUSTODIAN_GROUP_006,2025-03-27,110,3102A201,场外期权_成本,,,-205585.08,-205585.08,衍生工具科目，需单独建模或排除
data_samples/raw/PRODUCT_012_估值表_20250327.xls,CUSTODIAN_GROUP_006,2025-03-27,111,3102A20101316236,中信证券_112186_C_20250219_01_SPRING,,,46962.66,46962.66,衍生工具科目，需单独建模或排除
data_samples/raw/PRODUCT_012_估值表_20250327.xls,CUSTODIAN_GROUP_006,2025-03-27,112,3102A20101798086,中信证券_112186_C_20250319_01_SPRING,,,-137693.26,-137693.26,衍生工具科目，需单独建模或排除
data_samples/raw/PRODUCT_012_估值表_20250327.xls,CUSTODIAN_GROUP_006,2025-03-27,113,3102A20101873529,中信证券_112186_C_20250320_01_SPRING_RFQ,,,-114854.48,-114854.48,衍生工具科目，需单独建模或排除
data_samples/raw/PRODUCT_012_估值表_20250327.xls,CUSTODIAN_GROUP_006,2025-03-27,114,3102A299,场外期权_估值增值,,-205585.08,-205585.08,,衍生工具科目，需单独建模或排除
data_samples/raw/PRODUCT_012_估值表_20250327.xls,CUSTODIAN_GROUP_006,2025-03-27,115,3102A29901316236,中信证券_112186_C_20250219_01_SPRING,,46962.66,46962.66,,衍生工具科目，需单独建模或排除
data_samples/raw/PRODUCT_012_估值表_20250327.xls,CUSTODIAN_GROUP_006,2025-03-27,116,3102A29901798086,中信证券_112186_C_20250319_01_SPRING,,-137693.26,-137693.26,,衍生工具科目，需单独建模或排除
data_samples/raw/PRODUCT_012_估值表_20250327.xls,CUSTODIAN_GROUP_006,2025-03-27,117,3102A29901873529,中信证券_112186_C_20250320_01_SPRING_RFQ,,-114854.48,-114854.48,,衍生工具科目，需单独建模或排除
data_samples/raw/PRODUCT_012_估值表_20250327.xls,CUSTODIAN_GROUP_006,2025-03-27,118,3102C1,收益互换,,-159820.08,-159820.08,,衍生工具科目，需单独建模或排除
data_samples/raw/PRODUCT_012_估值表_20250327.xls,CUSTODIAN_GROUP_006,2025-03-27,119,3102C199,收益互换_估值增值,,-159820.08,-159820.08,,衍生工具科目，需单独建模或排除
data_samples/raw/PRODUCT_012_估值表_20250327.xls,CUSTODIAN_GROUP_006,2025-03-27,120,3102C199000001,中信EQSWAP112186-000001,,2223.64,2223.64,,衍生工具科目，需单独建模或排除
data_samples/raw/PRODUCT_012_估值表_20250327.xls,CUSTODIAN_GROUP_006,2025-03-27,121,3102C199000002,中信112186-HKD-EQ-000002,,451.05,451.05,,衍生工具科目，需单独建模或排除
data_samples/raw/PRODUCT_012_估值表_20250327.xls,CUSTODIAN_GROUP_006,2025-03-27,122,3102C199000003,中信112186-USD-EQ-000003,,-93356.86,-93356.86,,衍生工具科目，需单独建模或排除
data_samples/raw/PRODUCT_012_估值表_20250327.xls,CUSTODIAN_GROUP_006,2025-03-27,123,3102C199000012,中金WSC_PRODUCT_012,,-69137.91,-69137.91,,衍生工具科目，需单独建模或排除
data_samples/raw/XXX007_PRODUCT_007_估值表_20250327.xls,CUSTODIAN_GROUP_006,2025-03-27,26,11020199,股票估值增值_上交所,,126618.71,126618.71,,估值增值汇总行，通常不作为持仓叶子
data_samples/raw/XXX007_PRODUCT_007_估值表_20250327.xls,CUSTODIAN_GROUP_006,2025-03-27,32,11023199,股票估值增值_深交所,,-1255.09,-1255.09,,估值增值汇总行，通常不作为持仓叶子
data_samples/raw/XXX007_PRODUCT_007_估值表_20250327.xls,CUSTODIAN_GROUP_006,2025-03-27,42,11028199,股票估值增值_沪港通,,-71428.52,-71428.52,,估值增值汇总行，通常不作为持仓叶子
data_samples/raw/XXX007_PRODUCT_007_估值表_20250327.xls,CUSTODIAN_GROUP_006,2025-03-27,53,1102C199,股票估值增值_上交所_科创板,,-88396.49,-88396.49,,估值增值汇总行，通常不作为持仓叶子
data_samples/raw/XXX007_PRODUCT_007_估值表_20250327.xls,CUSTODIAN_GROUP_006,2025-03-27,76,3102,衍生工具,,906390.92,906390.92,,衍生工具科目，需单独建模或排除
data_samples/raw/XXX007_PRODUCT_007_估值表_20250327.xls,CUSTODIAN_GROUP_006,2025-03-27,77,3102C1,收益互换,,906390.92,906390.92,,衍生工具科目，需单独建模或排除
data_samples/raw/XXX007_PRODUCT_007_估值表_20250327.xls,CUSTODIAN_GROUP_006,2025-03-27,78,3102C199,收益互换_估值增值,,906390.92,906390.92,,衍生工具科目，需单独建模或排除
data_samples/raw/XXX007_PRODUCT_007_估值表_20250327.xls,CUSTODIAN_GROUP_006,2025-03-27,79,3102C199000001,中金WSC_PRODUCT_007,,376127.39,376127.39,,衍生工具科目，需单独建模或排除
data_samples/raw/XXX007_PRODUCT_007_估值表_20250327.xls,CUSTODIAN_GROUP_006,2025-03-27,80,3102C199000004,中信122395--USD--EQ,,-498092.88,-498092.88,,衍生工具科目，需单独建模或排除
data_samples/raw/XXX007_PRODUCT_007_估值表_20250327.xls,CUSTODIAN_GROUP_006,2025-03-27,81,3102C199000008,中信122395--HKD--EQ,,1020683.26,1020683.26,,衍生工具科目，需单独建模或排除
data_samples/raw/XXX007_PRODUCT_007_估值表_20250327.xls,CUSTODIAN_GROUP_006,2025-03-27,82,3102C199000010,中信EQSWAP122395,,7673.15,7673.15,,衍生工具科目，需单独建模或排除
data_samples/raw/估值表_PRODUCT_021_20250327.xls,CUSTODIAN_GROUP_005,2025-03-27,7,10020101,活期存款,,2094556.53,2094556.53,0.0,叶子行存在市价但缺少数量
data_samples/raw/估值表_PRODUCT_021_20250327.xls,CUSTODIAN_GROUP_005,2025-03-27,10,10020601000001,应计活期存款利息,,610.89,610.89,0.0,叶子行存在市价但缺少数量
data_samples/raw/估值表_PRODUCT_021_20250327.xls,CUSTODIAN_GROUP_005,2025-03-27,13,10211318,东证期货,,2207.55,2207.55,0.0,叶子行存在市价但缺少数量
data_samples/raw/估值表_PRODUCT_021_20250327.xls,CUSTODIAN_GROUP_005,2025-03-27,16,10310601,中信建投证券,,3376921.47,3376921.47,0.0,叶子行存在市价但缺少数量
data_samples/raw/估值表_PRODUCT_021_20250327.xls,CUSTODIAN_GROUP_005,2025-03-27,19,10313238000001,EQSWAP110768（A股）,,2171069.3,2171069.3,0.0,叶子行存在市价但缺少数量
data_samples/raw/估值表_PRODUCT_021_20250327.xls,CUSTODIAN_GROUP_005,2025-03-27,20,10313290,中金PRODUCT_021收益互换,,820000.0,820000.0,0.0,叶子行存在市价但缺少数量
data_samples/raw/估值表_PRODUCT_021_20250327.xls,CUSTODIAN_GROUP_005,2025-03-27,22,10317301,中信建投证券,,61.91,61.91,0.0,叶子行存在市价但缺少数量
data_samples/raw/估值表_PRODUCT_021_20250327.xls,CUSTODIAN_GROUP_005,2025-03-27,31,11020199,上交所A股估值增值,,365986.42,365986.42,0.0,估值增值汇总行，通常不作为持仓叶子
data_samples/raw/估值表_PRODUCT_021_20250327.xls,CUSTODIAN_GROUP_005,2025-03-27,37,11023199,深交所A股估值增值,,53120.69,53120.69,0.0,估值增值汇总行，通常不作为持仓叶子
data_samples/raw/估值表_PRODUCT_021_20250327.xls,CUSTODIAN_GROUP_005,2025-03-27,51,11028199,股票估值增值_港股通,,478436.52,478436.52,0.0,估值增值汇总行，通常不作为持仓叶子
data_samples/raw/估值表_PRODUCT_021_20250327.xls,CUSTODIAN_GROUP_005,2025-03-27,56,11050399,ETF基金估值增值,,-2623.5,-2623.5,0.0,估值增值汇总行，通常不作为持仓叶子
data_samples/raw/估值表_PRODUCT_021_20250327.xls,CUSTODIAN_GROUP_005,2025-03-27,58,220501,应付运营服务费,,1397.11,1397.11,0.0,叶子行存在市价但缺少数量
data_samples/raw/估值表_PRODUCT_021_20250327.xls,CUSTODIAN_GROUP_005,2025-03-27,61,22060101,QD791A,,41745.72,41745.72,0.0,叶子行存在市价但缺少数量
data_samples/raw/估值表_PRODUCT_021_20250327.xls,CUSTODIAN_GROUP_005,2025-03-27,62,22060103,QD791C,,221.6,221.6,0.0,叶子行存在市价但缺少数量
data_samples/raw/估值表_PRODUCT_021_20250327.xls,CUSTODIAN_GROUP_005,2025-03-27,64,220701,应付托管费,,1397.11,1397.11,0.0,叶子行存在市价但缺少数量
data_samples/raw/估值表_PRODUCT_021_20250327.xls,CUSTODIAN_GROUP_005,2025-03-27,68,22090401041112,41112,,1589.14,1589.14,0.0,叶子行存在市价但缺少数量
data_samples/raw/估值表_PRODUCT_021_20250327.xls,CUSTODIAN_GROUP_005,2025-03-27,71,22210502,应交税费-应交增值税-金融商品转让销项税,,8698.3,8698.3,0.0,叶子行存在市价但缺少数量
data_samples/raw/估值表_PRODUCT_021_20250327.xls,CUSTODIAN_GROUP_005,2025-03-27,72,222106,应交税费-暂估增值税,,24230.68,24230.68,0.0,叶子行存在市价但缺少数量
data_samples/raw/估值表_PRODUCT_021_20250327.xls,CUSTODIAN_GROUP_005,2025-03-27,74,22210701,城建税,,608.88,608.88,0.0,叶子行存在市价但缺少数量
data_samples/raw/估值表_PRODUCT_021_20250327.xls,CUSTODIAN_GROUP_005,2025-03-27,75,22210702,教育费附加,,260.95,260.95,0.0,叶子行存在市价但缺少数量
data_samples/raw/估值表_PRODUCT_021_20250327.xls,CUSTODIAN_GROUP_005,2025-03-27,76,22210703,地方教育附加,,173.97,173.97,0.0,叶子行存在市价但缺少数量
data_samples/raw/估值表_PRODUCT_021_20250327.xls,CUSTODIAN_GROUP_005,2025-03-27,78,22210801,城建税,,1696.15,1696.15,0.0,叶子行存在市价但缺少数量
data_samples/raw/估值表_PRODUCT_021_20250327.xls,CUSTODIAN_GROUP_005,2025-03-27,79,22210802,教育费附加,,726.92,726.92,0.0,叶子行存在市价但缺少数量
data_samples/raw/估值表_PRODUCT_021_20250327.xls,CUSTODIAN_GROUP_005,2025-03-27,80,22210803,地方教育附加,,484.61,484.61,0.0,叶子行存在市价但缺少数量
data_samples/raw/估值表_PRODUCT_021_20250327.xls,CUSTODIAN_GROUP_005,2025-03-27,83,30032401,证券清算款_港股通,,947867.66,947867.66,0.0,叶子行存在市价但缺少数量
data_samples/raw/估值表_PRODUCT_021_20250327.xls,CUSTODIAN_GROUP_005,2025-03-27,84,3102,衍生工具,,0.0,-63000.23,-63000.23,衍生工具科目，需单独建模或排除
data_samples/raw/估值表_PRODUCT_021_20250327.xls,CUSTODIAN_GROUP_005,2025-03-27,85,3102C1,衍生工具_收益互换_初始合约价值,,0.0,-63000.23,-63000.23,衍生工具科目，需单独建模或排除
data_samples/raw/估值表_PRODUCT_021_20250327.xls,CUSTODIAN_GROUP_005,2025-03-27,86,3102C101,衍生工具_收益互换_初始合约价值,,2019934.76,1956934.53,-63000.23,衍生工具科目，需单独建模或排除
data_samples/raw/估值表_PRODUCT_021_20250327.xls,CUSTODIAN_GROUP_005,2025-03-27,87,3102C101001985,HKDEQ110768（港股）,,507348.74,502574.67,-4774.07,衍生工具科目，需单独建模或排除
data_samples/raw/估值表_PRODUCT_021_20250327.xls,CUSTODIAN_GROUP_005,2025-03-27,88,3102C101002302,HKDEQ110768（美股EQ）,,790489.63,765795.8,-24693.83,衍生工具科目，需单独建模或排除
data_samples/raw/估值表_PRODUCT_021_20250327.xls,CUSTODIAN_GROUP_005,2025-03-27,89,3102C101003475,中金PRODUCT_021收益互换,,722096.39,687393.33,-34703.06,衍生工具科目，需单独建模或排除
data_samples/raw/估值表_PRODUCT_021_20250327.xls,CUSTODIAN_GROUP_005,2025-03-27,90,3102C102,衍生工具_收益互换_冲抵初始合约价值,,-2019934.76,-2019934.76,0.0,衍生工具科目，需单独建模或排除
data_samples/raw/估值表_PRODUCT_021_20250327.xls,CUSTODIAN_GROUP_005,2025-03-27,91,3102C102001985,HKDEQ110768（港股）,,-507348.74,-507348.74,0.0,衍生工具科目，需单独建模或排除
data_samples/raw/估值表_PRODUCT_021_20250327.xls,CUSTODIAN_GROUP_005,2025-03-27,92,3102C102002302,HKDEQ110768（美股EQ）,,-790489.63,-790489.63,0.0,衍生工具科目，需单独建模或排除
data_samples/raw/估值表_PRODUCT_021_20250327.xls,CUSTODIAN_GROUP_005,2025-03-27,93,3102C102003475,中金PRODUCT_021收益互换,,-722096.39,-722096.39,0.0,衍生工具科目，需单独建模或排除
data_samples/raw/估值表_PRODUCT_021_20250327.xls,CUSTODIAN_GROUP_005,2025-03-27,94,3102C199,衍生工具_收益互换_公允价值变动,,-63000.23,-63000.23,0.0,衍生工具科目，需单独建模或排除
data_samples/raw/估值表_PRODUCT_021_20250327.xls,CUSTODIAN_GROUP_005,2025-03-27,95,3102C199001657,EQSWAP110768（A股）,,1170.73,1170.73,0.0,衍生工具科目，需单独建模或排除
data_samples/raw/估值表_PRODUCT_021_20250327.xls,CUSTODIAN_GROUP_005,2025-03-27,96,3102C199001985,HKDEQ110768（港股）,,-4774.07,-4774.07,0.0,衍生工具科目，需单独建模或排除
data_samples/raw/估值表_PRODUCT_021_20250327.xls,CUSTODIAN_GROUP_005,2025-03-27,97,3102C199002302,HKDEQ110768（美股EQ）,,-24693.83,-24693.83,0.0,衍生工具科目，需单独建模或排除
data_samples/raw/估值表_PRODUCT_021_20250327.xls,CUSTODIAN_GROUP_005,2025-03-27,98,3102C199003475,中金PRODUCT_021收益互换,,-34703.06,-34703.06,0.0,衍生工具科目，需单独建模或排除
data_samples/raw/证券投资基金估值表_PRODUCT_023_2025-03-27.xlsx,CUSTODIAN_GROUP_008,2025-03-27,25,11028199,股票估值增值_港股通,,57929.97,57929.97,,估值增值汇总行，通常不作为持仓叶子
data_samples/raw/证券投资基金估值表_PRODUCT_023_2025-03-27.xlsx,CUSTODIAN_GROUP_008,2025-03-27,43,3102,衍生工具,,,1237.26,1237.26,衍生工具科目，需单独建模或排除
data_samples/raw/证券投资基金估值表_PRODUCT_023_2025-03-27.xlsx,CUSTODIAN_GROUP_008,2025-03-27,44,3102C1,衍生工具_收益互换,,,1237.26,1237.26,衍生工具科目，需单独建模或排除
data_samples/raw/证券投资基金估值表_PRODUCT_023_2025-03-27.xlsx,CUSTODIAN_GROUP_008,2025-03-27,45,3102C101,衍生工具_收益互换_初始合约价值,,,1237.26,1237.26,衍生工具科目，需单独建模或排除
data_samples/raw/证券投资基金估值表_PRODUCT_023_2025-03-27.xlsx,CUSTODIAN_GROUP_008,2025-03-27,46,3102C101000002,和谐中信收益互换USD-EQ,,,-66.23,-66.23,衍生工具科目，需单独建模或排除
data_samples/raw/证券投资基金估值表_PRODUCT_023_2025-03-27.xlsx,CUSTODIAN_GROUP_008,2025-03-27,47,3102C101000005,和谐中信收益互换HKD-EQ,,,13.43,13.43,衍生工具科目，需单独建模或排除
data_samples/raw/证券投资基金估值表_PRODUCT_023_2025-03-27.xlsx,CUSTODIAN_GROUP_008,2025-03-27,48,3102C101000006,和谐中信收益互换人民币,,,1290.06,1290.06,衍生工具科目，需单独建模或排除
data_samples/raw/证券投资基金估值表_PRODUCT_023_2025-03-27.xlsx,CUSTODIAN_GROUP_008,2025-03-27,49,3102C199,衍生工具_收益互换_公允价值变动,,1237.26,1237.26,,衍生工具科目，需单独建模或排除
data_samples/raw/证券投资基金估值表_PRODUCT_023_2025-03-27.xlsx,CUSTODIAN_GROUP_008,2025-03-27,50,3102C199000002,和谐中信收益互换USD-EQ,,-66.23,-66.23,,衍生工具科目，需单独建模或排除
data_samples/raw/证券投资基金估值表_PRODUCT_023_2025-03-27.xlsx,CUSTODIAN_GROUP_008,2025-03-27,51,3102C199000005,和谐中信收益互换HKD-EQ,,13.43,13.43,,衍生工具科目，需单独建模或排除
data_samples/raw/证券投资基金估值表_PRODUCT_023_2025-03-27.xlsx,CUSTODIAN_GROUP_008,2025-03-27,52,3102C199000006,和谐中信收益互换人民币,,1290.06,1290.06,,衍生工具科目，需单独建模或排除
